pension income drawdown calculator	6600	2.38	8	informational
pension income drawdown	6600	5.14	21	informational
pension in drawdown	6600	5.14	19	informational
pension drawdown calculator	6600	2.38	7	navigational
pension drawdown	6600	5.14	19	informational
pension calculator drawdown	6600	2.38	14	navigational
income drawdown pension calculator	6600	2.38	8	informational
income drawdown pension	6600	5.14	14	informational
drawdown pension calculator	6600	2.38	12	navigational
drawdown pension	6600	5.14	19	informational
drawdown on pension	6600	5.14	19	informational
drawdown of pension	6600	5.14	19	informational
drawdown from pension	6600	5.14	19	informational
drawdown calculator pension	6600	2.38	7	navigational
income from pension pot	2900	1.47	26	informational
martin lewis pension drawdown calculator	2400	2.6	15	informational
martin lewis pension drawdown	2400	3.75	10	informational
what is pension income drawdown	1900	2.52	0	informational
what is drawdown pension	1900	2.52	13	informational
what is a pension drawdown	1900	2.52	4	informational
what is a drawdown pension	1900	2.52	4	informational
pension annuity or drawdown	1900	3.26	0	informational
best pension drawdown providers	1600	8.64	2	commercial
best pension drawdown provider	1600	8.64	0	informational
best drawdown pension providers	1600	8.64	0	commercial
best drawdown pension provider	1600	8.64	0	informational
uk pension drawdown calculator	1300	2.41	10	informational
rules on pension drawdown	1300	2.84	20	informational
rules for pension drawdown	1300	2.84	20	informational
pension drawdown rules	1300	2.84	20	informational
pension drawdown calculator uk	1300	2.41	10	navigational
drawdown pension rules	1300	2.84	20	informational
drawdown pension calculator uk	1300	2.41	22	navigational
which pension drawdown calculator	880	2.59	6	informational
which drawdown pension calculator	880	2.59	23	informational
tax on pension drawdown	880	1.6	1	informational
tax on drawdown pension	880	1.6	4	informational
pension drawdown taxation	880	1.6	4	informational
pension drawdown tax	880	1.6	4	informational
pension drawdown calculator which	880	2.59	11	informational
pension drawdown calculator gov	880	2.08	16	navigational
pension drawdown and tax	880	1.6	7	navigational
how does pension drawdown work	880	1.51	14	informational
how does drawdown pension work	880	1.51	16	informational
how does a drawdown pension work	880	1.51	16	informational
drawdown pension tax	880	1.6	4	informational
royal london pension drawdown	720	3.38	0	informational
royal london drawdown pension	720	3.38	0	informational
flexible pension drawdown	720	4.06	9	commercial
flexible drawdown pension	720	4.06	6	commercial
flexi drawdown pension	720	4.06	4	informational
best drawdown pension providers uk	720	7.47	0	commercial
best drawdown pension provider uk	720	7.47	0	informational
best drawdown pension	720	7.57	14	informational
what is pension drawdown	590	2.12	13	informational
pension pot drawdown	590	3.61	19	informational
pension drawdown rates	590	4.27	7	informational
pension drawdown rate	590	4.27	11	informational
free pension drawdown calculator	590	2.2	12	navigational
drawdown pension rates	590	4.27	11	informational
drawdown pension pot	590	3.61	14	informational
aviva pension drawdown	590	5.66	0	informational
aviva drawdown pension	590	5.66	0	informational
royal london pension drawdown calculator	480	5.29	0	informational
royal london drawdown pension reviews	480	4.85	0	commercial
pension drawdown providers comparison	480	9.43	0	informational
pension drawdown providers	480	9.12	1	navigational
martin lewis best drawdown pension	480	4.61	13	informational
is a drawdown pension a good idea	480	2.87	0	informational
drawdown pension providers	480	9.12	1	navigational
drawdown meaning pension	480	1.83	3	informational
compare drawdown pension providers	480	9.43	0	navigational
best pension provider for drawdown	480	7.58	0	informational
what is the best drawdown pension	390	7.92	0	informational
vanguard drawdown pension	390	1.04	0	informational
pension drawdown vs annuity	390	2.72	0	informational
pension drawdown versus annuity	390	2.72	0	informational
pension drawdown v annuity	390	2.72	0	informational
income from 500k pension pot	390	2.1	0	commercial
hmrc pension drawdown rules	390	3.68	8	informational
annuity vs drawdown pension	390	2.72	0	informational
annuity v drawdown pension	390	2.72	0	informational
tax on pension drawdown calculator	320	1.76	7	informational
sipp pension drawdown	320	3.17	0	informational
pension drawdown tax calculator	320	1.76	10	informational
pension drawdown or annuity	320	3.96	6	informational
pension annuity or income drawdown	320	3.96	0	informational
drawdown pension tax calculator	320	1.76	13	informational
drawdown or annuity pension	320	3.96	0	informational
annuity or drawdown pension	320	3.96	6	informational
what does pension drawdown mean	260	2.2	4	informational
what does drawdown pension mean	260	2.2	5	informational
pension drawdown calculator aviva	260	2.71	3	informational
how to drawdown pension without paying tax	260	2.96	2	informational
how to avoid paying tax on pension drawdown	260	4.86	0	informational
flexi-access drawdown pension	260	4.37	4	navigational
flexi access drawdown pension	260	4.37	1	informational
aviva pension drawdown calculator	260	2.71	3	navigational
aviva drawdown pension calculator	260	2.71	4	informational
standard life pension drawdown	210	5.13	0	informational
standard life drawdown pension	210	5.13	0	informational
prudential pension drawdown	210	3.38	0	navigational
prudential drawdown pension	210	3.38	0	navigational
pension options drawdown	210	4.68	19	informational
pension drawdown standard life	210	5.13	0	commercial
pension drawdown prudential	210	3.38	0	informational
pension drawdown options	210	4.68	19	informational
pension drawdown fees	210	4.28	14	informational
pension drawdown explained	210	2.56	7	informational
pension drawdown definition	210	2.45	4	informational
pension drawdown costs	210	4.28	2	informational
pension drawdown charges	210	4.28	14	informational
explain pension drawdown	210	2.56	7	informational
drawdown pension options	210	4.68	19	informational
drawdown pension meaning	210	2.45	4	informational
drawdown pension fees	210	4.28	14	informational
drawdown pension explained	210	2.56	6	informational
drawdown pension definition	210	2.45	4	informational
drawdown pension costs	210	4.28	2	informational
drawdown pension charges	210	4.28	0	informational
define drawdown pension	210	2.45	3	informational
charges for pension drawdown	210	4.28	0	informational
charges for drawdown pension	210	4.28	0	informational
aegon pension drawdown	210	6.31	0	informational
aegon drawdown pension	210	6.31	0	informational
legal and general pension drawdown	170	5.88	0	informational
legal and general drawdown pension	170	5.88	0	informational
top 10 drawdown pension providers	140	5.82	7	commercial
tax-free pension drawdown	140	1.43	4	informational
tax free pension drawdown	140	1.43	4	informational
sipp pension drawdown rules	140	2.37	0	informational
pension flexible drawdown	140	4.14	9	commercial
pension flexi drawdown	140	4.14	5	informational
pension drawdown tax-free	140	1.43	5	informational
pension drawdown tax free	140	1.43	21	informational
pension drawdown at 55	140	2.52	14	informational
pension drawdown age	140	4.07	4	informational
is a drawdown pension subject to inheritance tax	140	0.04	12	informational
fidelity pension drawdown	140	3.66	0	navigational
fidelity drawdown pension	140	3.66	0	navigational
drawdown pension at 55	140	2.52	5	informational
best drawdown pension calculator	140	5.26	19	informational
vanguard pension drawdown	110	0.77	0	navigational
uk pension drawdown	110	3.46	20	informational
pension drawdown uk	110	3.46	19	navigational
pension drawdown calculator excel	110	3.58	12	informational
pension drawdown advice	110	9.19	19	informational
drawdown pension uk	110	3.46	20	informational
drawdown pension advice	110	9.19	18	informational
capped drawdown pension	110	1.92	0	informational
can i continue to pay into a drawdown pension	110	5.52	2	informational
advice on pension drawdown	110	9.19	19	informational
vanguard drawdown pension reviews	90	3.28	0	commercial
tax efficient pension drawdown	90	2.29	0	informational
reclaim tax on pension drawdown	90	4.92	11	informational
pension income drawdown examples	90	3.05	15	informational
pension drawdown examples	90	3.05	14	informational
pension drawdown example	90	3.05	0	informational
pension annuity vs drawdown	90	2.93	0	informational
income from pension pot calculator	90	1.42	23	informational
how to drawdown pension	90	2.77	19	informational
drawdown pension examples	90	3.05	0	informational
drawdown pension example	90	3.05	0	informational
drawdown calculator including state pension	90	1.25	6	informational
aviva drawdown pension reviews	90	3.01	0	commercial
aviva drawdown pension review	90	3.01	0	informational
which pension drawdown	70	8.49	24	informational
which drawdown pension	70	8.49	19	informational
uk pension drawdown rules	70	3.17	19	informational
phased drawdown pension	70	2.31	0	informational
pension phased drawdown	70	2.31	0	informational
pension drawdown rules uk	70	3.17	19	informational
pension drawdown meaning	70	3.55	1	informational
pension drawdown comparison	70	6.18	2	informational
pension drawdown company	70	7.54	3	navigational
pension contributions after drawdown	70	0	0	informational
nhs pension drawdown	70	3.49	6	navigational
flexible drawdown pension providers	70	9.76	0	commercial
fidelity pension drawdown calculator	70	3.42	0	navigational
drawdown pension comparison	70	6.18	2	informational
changes to pension drawdown rules	70	4.37	0	informational
best pension drawdown providers uk	70	7.68	2	informational
best pension drawdown calculator uk	70	2.52	12	informational
aviva pension drawdown charges	70	0	0	informational
aviva drawdown pension charges	70	0	0	informational
aj bell drawdown pension	70	3.48	0	informational
what is flexible drawdown pension	50	2.59	5	informational
tax rules on pension drawdown	50	1.58	4	informational
people's pension drawdown	50	2.2	0	navigational
pension pot drawdown calculator	50	1.06	6	informational
pension drawdown tax rules	50	1.58	4	informational
pension drawdown funds	50	4.81	21	informational
pension drawdown calculator telegraph	50	1.07	0	navigational
pension drawdown 25 tax free	50	0.93	11	informational
how to avoid emergency tax on pension drawdown	50	0	0	informational
flexible drawdown pension charges	50	3.99	37	informational
flexible drawdown pension calculator	50	2.44	36	informational
drawdown pension vs annuity	50	2.97	0	informational
drawdown pension versus annuity	50	2.97	9	informational
drawdown pension funds	50	4.81	17	informational
drawdown pension fund	50	4.81	17	navigational
do you pay ni on pension drawdown	50	0	0	informational
can i transfer my drawdown pension to another provider	50	4.95	1	informational
best drawdown pension uk	50	15.18	7	informational
annuity or pension drawdown	40	4.52	0	informational
what is best pension drawdown or annuity	30	3.9	0	informational
is pension drawdown better than an annuity	20	3.52	40	informational
drawdown vs annuity pension	20	4.2	0	informational
drawdown v annuity pension	20	4.2	0	informational
drawdown pension inheritance tax	20	0	0	informational
pension drawdown and inheritance tax	10	2.19	0	informational
inheritance tax pension drawdown gifting strategies	10	16.5	0	commercial
drawdown pension inheritance rules	10	1.99	0	informational
