transfer pension scheme	2400	9.28	12	navigational
transfer pension	2400	9.28	22	informational
transfer in pension	2400	9.28	22	informational
transfer a pension	2400	9.28	9	informational
pension transfer	2400	9.28	8	informational
pension scheme transfer	2400	9.28	12	navigational
legal and general transfer pension	1000	4.43	12	commercial
transfer of defined benefit pension	880	19.66	0	informational
transfer defined benefit pension	880	19.66	0	informational
transfer db pension	880	19.66	0	informational
pension transfer from defined benefit	880	19.66	0	informational
how transfer pension	880	8.79	2	informational
how to transfer pension scheme	880	8.79	15	informational
how to transfer pension	880	8.79	2	informational
defined benefits pension transfer	880	19.66	0	informational
defined benefit pension transfer	880	19.66	0	informational
db pension transfer	880	19.66	0	informational
transfer pension legal and general	720	9.33	12	commercial
transfer pension from aviva	720	4.74	0	informational
transfer pension aviva	720	4.74	0	informational
should i transfer my pension	720	5.59	0	informational
legal and general pension transfer	720	9.33	3	informational
aviva transfer pension	720	4.74	0	informational
aviva pension transfer	720	4.74	0	informational
uk pension transfer	590	9.08	3	informational
transferring final salary pension	590	14.38	0	informational
transferring a final salary pension	590	14.38	0	informational
transfer value pension	590	5.7	0	informational
transfer uk pension to europe	590	9.08	3	informational
transfer pension uk	590	9.08	8	navigational
transfer of uk pension	590	9.08	15	informational
transfer of final salary pension	590	14.38	0	informational
transfer from final salary pension	590	14.38	0	informational
transfer final salary pension	590	14.38	0	informational
transfer a final salary pension	590	14.38	0	informational
pension transfer values	590	5.7	0	informational
pension transfer value	590	5.7	0	informational
pension transfer uk	590	9.08	17	navigational
pension transfer from uk	590	9.08	14	informational
final salary pension transfers	590	14.38	0	informational
final salary pension transfer	590	14.38	0	informational
transferring pension to sipp	480	8.96	0	informational
transferring pension to a sipp	480	8.96	0	informational
transferring a pension to a sipp	480	8.96	0	informational
transfer pension to sipps	480	8.96	0	informational
transfer pension to sipp	480	8.96	0	commercial
transfer pension into sipp	480	8.96	5	informational
pension transfer to sipp	480	8.96	0	commercial
pension transfer advice	480	34.24	10	navigational
defined benefit pension transfer advice	480	30.68	0	informational
db pension transfer advice	480	30.68	0	informational
can i transfer my pension to my bank account	480	4.9	0	commercial
advice on pension transfer	480	34.24	10	informational
what is transfer value of pension	390	4.96	0	informational
what is transfer value of a pension	390	4.96	0	informational
what is the transfer value of a pension	390	4.96	0	informational
what is pension transfer value	390	4.96	0	informational
what is a transfer value pension	390	4.96	0	informational
what is a pension transfer value	390	4.96	0	informational
pension transfer rules	390	5.89	30	informational
uk pension transfer to australia	320	4.13	0	commercial
uk pension transfer australia	320	4.13	0	navigational
transfer uk pension to australia	320	4.13	0	informational
transfer pension uk to australia	320	4.13	0	informational
transfer pension funds	320	7.74	15	informational
transfer pension fund	320	7.74	13	navigational
transfer pension from uk to australia	320	4.13	0	informational
transfer of uk pension to australia	320	4.13	0	informational
transfer of pension fund	320	7.74	15	informational
transfer my pension	320	12.86	17	navigational
transfer australian pension to uk	320	4.13	0	informational
pension transfer uk to australia	320	4.13	0	informational
pension transfer specialists	320	16.55	0	navigational
pension transfer specialist	320	16.55	0	navigational
pension transfer from uk to australia	320	4.13	0	informational
pension fund transfer	320	7.74	15	informational
origo pension transfer	320	19.19	0	informational
australian pension transfer to uk	320	4.13	0	informational
transfer nest pension	260	5.57	0	commercial
qrops pension transfer	260	3.15	1	informational
nest transfer pension	260	5.57	0	commercial
nest pension transfer	260	5.57	0	commercial
how long does it take to transfer pension	260	9.49	0	informational
how long does it take to transfer a pension	260	9.49	0	informational
how long does a pension transfer take	260	9.49	0	informational
aviva transfer pension to another provider	260	7.68	0	informational
uk pension transfer to usa	210	8.24	0	informational
uk pension transfer to us	210	8.24	0	informational
transfer uk pension to usa	210	8.24	0	informational
transfer uk pension to us	210	8.24	0	informational
transfer pension from uk to usa	210	8.24	0	commercial
transfer pension from uk to us	210	8.24	0	informational
pension transfer fees	210	4.02	0	informational
pension transfer costs	210	4.02	0	informational
pension transfer charges	210	4.02	0	informational
how to transfer my pension	210	10.11	5	informational
hl pension transfer	210	14.83	0	informational
hargreaves lansdown transfer pension	210	14.83	0	informational
hargreaves lansdown pension transfer	210	14.83	9	informational
fees for pension transfer	210	4.02	0	commercial
cost to transfer pension	210	4.02	0	informational
cost of pension transfer	210	4.02	0	informational
can i transfer my pension to another pension	210	4.52	0	informational
transfer workplace pension to sipp	170	9.07	0	commercial
transfer value of defined benefit pension	170	4.59	0	informational
transfer pension to aviva	170	6.43	0	informational
transfer out of nest pension	170	19.69	0	informational
transfer a defined benefit pension	170	9.9	0	informational
should i transfer my pension to a sipp	170	7.14	9	commercial
royal london transfer pension	170	3.35	0	commercial
royal london pension transfer	170	16.78	0	commercial
pension transfer options	170	7.11	2	commercial
pension risk transfer	170	0	0	informational
nest pension transfer out	170	19.69	0	commercial
defined pension transfer value	170	4.59	0	informational
defined benefit pension transfer values	170	4.59	0	informational
defined benefit pension transfer value	170	4.59	3	informational
db pension transfer values	170	4.59	0	informational
db pension transfer value	170	4.59	0	informational
can i transfer my pension to a sipp	170	7.14	0	commercial
can i transfer my pension into a sipp	170	7.14	0	informational
best pension provider to transfer to	170	6.41	14	commercial
will pension transfer values recover	140	2.51	0	informational
vanguard pension transfer	140	1.68	0	navigational
uk pension transfer to india	140	3.57	9	commercial
transfer value pension calculator	140	3.52	6	navigational
transfer value of pension calculation	140	3.52	6	informational
transfer value of final salary pension	140	1.13	0	informational
transfer value of a final salary pension	140	1.13	0	informational
transfer uk pension to india	140	3.57	0	commercial
transfer pension from uk to india	140	3.57	9	commercial
transfer pension from standard life	140	9.54	0	informational
standard life transfer pension	140	9.54	0	commercial
standard life pension transfer	140	9.54	0	commercial
people's pension transfer out	140	5.91	0	informational
pension transfer value calculator	140	3.52	6	navigational
pension transfer mis-selling	140	12.33	0	informational
pension transfer mis selling	140	12.33	0	commercial
pension transfer from uk to india	140	3.57	9	commercial
mis-sold pension transfer	140	12.33	0	informational
mis sold pension transfer	140	12.33	0	commercial
is pension transfer value same as cash value	140	3.15	0	informational
how to transfer my pension to another provider	140	8.73	7	informational
how do i transfer my pension to another provider	140	8.73	0	commercial
final salary pension transfer values	140	1.13	0	informational
final salary pension transfer value	140	1.13	0	informational
final salary pension scheme transfer value	140	1.13	0	informational
defined benefit pension transfer specialists	140	39.23	0	navigational
can i transfer pension to my wife	140	0	0	commercial
can i transfer my pension to my wife	140	0	1	commercial
can i transfer my pension to another person uk	140	4.32	1	commercial
uk pension transfer specialists	110	10.85	0	navigational
uk pension transfer specialist	110	10.85	3	navigational
transferring db pension to sipp	110	15.96	7	commercial
transfer value of defined benefit pension calculator	110	3.59	1	informational
transfer overseas pension to uk	110	0	0	informational
transfer nhs pension	110	0	0	navigational
transfer defined benefit pension to sipp	110	15.96	0	commercial
transfer db pension to sipp	110	15.96	0	commercial
transfer civil service pension	110	4.79	0	navigational
should i transfer my final salary pension	110	3.63	0	informational
pension transfer specialists uk	110	10.85	4	navigational
pension transfer cashback	110	3.95	0	commercial
pension transfer cash back	110	3.95	0	informational
pension transfer advice costs	110	11.8	0	informational
pension transfer advice cost	110	11.8	0	commercial
overseas pension transfer to uk	110	0	0	commercial
nhs pension transfer	110	0	0	navigational
final salary pension transfer value calculator	110	4.23	0	informational
final salary pension transfer advice	110	39.46	0	informational
fidelity transfer pension	110	12.45	0	navigational
fidelity pension transfer	110	12.45	0	navigational
defined benefit pension transfer value calculator	110	3.59	1	informational
cost of pension transfer advice	110	11.8	0	informational
civil service pension transfer	110	4.79	0	navigational
can you transfer a workplace pension to a private pension	110	2.96	0	informational
calculate final salary pension transfer value	110	4.23	0	informational
aegon transfer pension	110	15.08	0	informational
aegon pension transfer	110	15.08	0	informational
what does transfer value of a pension mean	90	7.76	0	informational
what does transfer value mean on a pension	90	7.76	0	informational
what does pension transfer value mean	90	7.76	0	informational
vanguard transfer pension	90	2.18	0	navigational
uk pension transfer to nz	90	4.47	0	informational
uk pension transfer to new zealand	90	4.47	0	commercial
uk pension transfer advice	90	0	12	informational
transfer your pension	90	17.87	7	navigational
transfer uk pension to nz	90	4.47	0	informational
transfer pension from uk to nz	90	4.47	0	informational
should i transfer my pension into one pot	90	5.09	0	informational
pension transfer uk to nz	90	4.47	0	informational
pension transfer offers	90	7.48	4	commercial
pension transfer claims	90	0	3	navigational
pension transfer advisors	90	27.24	5	navigational
pension cash equivalent transfer value	90	9.73	0	informational
how to transfer pension contribution from previous employer	90	6.58	5	informational
how long does pension transfer take	90	0	0	informational
fixed fee final salary pension transfer advice	90	10.95	0	informational
does aviva charge to transfer pension out	90	5.78	0	informational
cash equivalent transfer value pension	90	9.73	0	informational
can you transfer pension	90	4.87	7	informational
can i transfer my workplace pension to a sipp	90	4.15	0	commercial
can i transfer my pension to another provider	90	5.22	5	commercial
can i transfer my pension to an isa	90	4.13	0	commercial
can i transfer my pension into an isa	90	4.13	0	informational
can i transfer my nhs pension to a private pension	90	0	0	informational
can i take my pension transfer value as cash	90	1.6	12	informational
workplace pension transfer	70	10.96	0	commercial
transferring a final salary pension to a sipp	70	28.48	0	informational
transfer workplace pension	70	10.96	0	commercial
transfer final salary pension to sipp	70	28.48	0	informational
transfer final salary pension into sipp	70	28.48	0	informational
final salary pension transfer to sipp	70	28.48	0	commercial
defined contribution pension plan transfer	70	23.21	0	informational
transfer personal pension to sipp	50	0	2	commercial
transfer nest pension to sipp	50	11.06	0	commercial
transfer final salary pension to personal pension	50	6.66	0	informational
final salary pension transfer specialists	50	5.65	24	navigational
final salary pension transfer specialist	50	5.65	24	informational
can i transfer workplace pension to sipp	50	50.63	0	commercial
can i transfer my drawdown pension to another provider	50	4.95	1	informational
advice on final salary pension transfer	50	0	0	informational
transfer work pension to sipp	40	4.74	0	commercial
transfer company pension to sipp	40	0	3	commercial
transfer company pension into sipp	40	0	3	commercial
how to transfer pension to sipp	40	12.01	0	informational
final salary pension transfer advisors	40	0	42	informational
final salary pension transfer advice cost	40	0	0	informational
can you transfer workplace pension to sipp	40	0	0	commercial
can i transfer my nhs pension to a sipp	40	16.45	0	commercial
can i transfer my nest pension to a sipp	40	10.4	0	commercial
transfer workplace pension to sipp reddit	30	0	0	commercial
transfer stakeholder pension to sipp	30	5.52	0	commercial
transfer nhs pension to sipp	30	22.39	0	commercial
sipp pension transfer	30	14.37	0	commercial
partial transfer workplace pension to sipp	30	0	0	commercial
can i transfer nest pension to sipp	30	0	0	commercial
can i transfer my work pension to a sipp	30	0	0	commercial
can i transfer my teachers pension to a sipp	30	3.78	0	commercial
can i transfer my final salary pension to a sipp	30	0	0	informational
can i transfer my final salary pension into a sipp	30	0	0	informational
transfer sipp to workplace pension	20	0	0	commercial
transfer pension to vanguard sipp	20	3.59	0	commercial
transfer pension to aj bell sipp	20	12.88	0	commercial
transfer old workplace pension to sipp	20	6.69	0	commercial
should i transfer my final salary pension to a sipp	20	0	0	informational
partial pension transfer to sipp	20	0	0	commercial
final salary pension transfer fees	20	6.26	15	informational
can you transfer final salary pension	20	6.03	0	informational
can you transfer a final salary pension	20	6.03	0	informational
can i transfer my final salary pension	20	6.31	0	informational
can i transfer my civil service pension to a sipp	20	9.17	0	commercial
can i transfer a workplace pension to a sipp	20	12.71	0	commercial
can i transfer a defined benefit pension to a sipp	20	8.1	0	informational
pension partial transfer	10	0	0	informational
can i transfer sipp to work pension	10	0	0	commercial
