uk state pension age retirement changes	90500	3.19	10	informational
uk state pension age	90500	1.99	25	informational
state pension what age	90500	1.99	29	informational
state pension uk age	90500	1.99	43	informational
state pension retirement age	90500	1.99	34	informational
state pension age	90500	1.99	35	informational
state age pension	90500	1.99	35	informational
pension state age	90500	1.99	35	informational
basic state pension age	90500	1.99	35	informational
age uk state pension	90500	1.99	37	informational
age of state pension uk	90500	1.99	36	informational
age for state pension uk	90500	1.99	40	informational
age for state pension in uk	90500	1.99	29	informational
age for state pension	90500	1.99	35	informational
pension ages in uk	74000	2.34	31	informational
pension age in uk	74000	2.34	31	informational
teachers pension agency login	33100	0	6	navigational
uk state pension age increase	27100	2.95	21	informational
uk pension age rise	27100	2.95	25	informational
uk pension age increase	27100	2.95	25	informational
state pension age to rise	27100	2.95	11	informational
state pension age rise	27100	2.95	14	informational
state pension age review	27100	0	15	informational
state pension age increase	27100	2.95	14	informational
rise in state pension age	27100	2.95	14	informational
review of state pension age	27100	0	5	informational
pension age uk	27100	3.72	30	informational
increase state pension age	27100	2.95	14	informational
increase in state pension age	27100	2.95	14	informational
age uk pension	27100	3.72	31	informational
uk state pension age change 2025	22200	2.03	12	informational
uk state pension age increase 2026	14800	0	24	informational
uk state pension age changes	14800	2.39	17	informational
uk state pension age calculator	14800	1.11	35	informational
uk pension age changes	14800	2.39	25	informational
uk pension age calculator	14800	1.11	42	navigational
uk age pension calculator	14800	1.11	42	informational
state pension calculator age	14800	1.11	43	informational
state pension age increase 2026	14800	0	17	informational
state pension age changing	14800	2.39	21	informational
state pension age changes	14800	2.39	21	informational
state pension age change	14800	2.39	22	informational
state pension age calculator	14800	1.11	30	informational
state pension age calculation	14800	1.11	38	informational
state age pension calculator	14800	1.11	43	informational
changes to uk state pension age	14800	2.39	21	informational
changes in state pension age	14800	2.39	21	informational
calculator for state pension age	14800	1.11	43	informational
calculate state pension age	14800	1.11	43	informational
age calculator for state pension	14800	1.11	43	informational
uk pension age changes 2025	12100	2.99	21	informational
uk pension age change 2025	12100	2.99	20	informational
what is uk state pension age	9900	0.31	40	informational
what is uk pension age	9900	0.31	30	informational
what is the state pension age	9900	0.31	25	informational
what is state pension age	9900	0.31	25	informational
what is a state pension age	9900	0.31	25	informational
what age state pension uk	9900	0.31	36	informational
what age is state pension uk	9900	0.31	39	informational
what age is state pension in uk	9900	0.31	40	informational
what age is state pension	9900	0.31	35	informational
what age for state pension in uk	9900	0.31	37	informational
state pension retirement age uk	9900	2.8	34	informational
state pension ages uk	9900	2.8	24	informational
state pension age uk	9900	2.8	35	informational
new state pension retirement age	9900	5.12	22	informational
new state pension ages	9900	5.12	23	informational
new state pension age	9900	5.12	21	informational
uk pension age	8100	4.05	21	informational
uk age pension	8100	4.05	31	informational
average uk pension pot	4400	2.31	1	informational
average pension pot uk	4400	2.31	1	informational
average pension pot in uk	4400	2.31	1	informational
average pension pot in the uk	4400	2.31	1	informational
state pension age increase uk	2900	1.84	13	informational
pension calculator age	2900	1.78	31	informational
pension age calculator	2900	1.78	31	navigational
calculator for age pension	2900	1.78	31	informational
aged pension calculator	2900	1.78	31	navigational
age pension calculator	2900	1.78	31	informational
age pension age calculator	2900	1.78	31	informational
uk state pension age women	2400	0	35	informational
uk state pension age table	2400	0.55	23	informational
uk state pension age for females	2400	0	29	informational
uk pension age women	2400	0	27	informational
uk pension age for women	2400	0	22	informational
uk pension age for woman	2400	0	22	informational
what is pension age in uk	1900	2.45	35	informational
what age pension uk	1900	2.45	36	informational
what age pension in uk	1900	2.45	42	informational
what age is pension in uk	1900	2.45	35	informational
what age for pension in uk	1900	2.45	34	informational
state pension age review uk	1900	0	14	informational
what age is pension age in uk	1600	1.97	31	informational
uk pension age cancelled	1600	0	22	informational
average pension pot by age uk	1600	2.2	0	informational
average nhs pension per month	1600	0	7	informational
what is the average pension pot in the uk	1300	2.39	1	informational
what is average uk pension pot	1300	2.39	0	informational
what age do you get state pension uk	1300	0.17	39	informational
state pension age changes uk	1300	2.5	35	informational
state pension age change uk	1300	2.5	22	informational
retirement with pension calculator	1300	2.23	43	informational
retirement pension plan calculator	1300	2.23	34	informational
retirement pension calculator	1300	2.23	32	navigational
retirement calculator with pension	1300	2.23	26	informational
retirement calculator pension	1300	2.23	34	navigational
retired pension calculator	1300	2.23	35	informational
pension in uk age	1300	2.41	37	informational
pension age uk men	1300	1.55	25	informational
pension age uk male	1300	1.55	22	informational
pension age men uk	1300	1.55	25	informational
pension age male uk	1300	1.55	25	informational
pension age in the uk	1300	2.41	31	informational
pension age changes uk	1300	2.5	19	informational
pension age change uk	1300	2.5	0	informational
calculator for pension on retirement	1300	2.23	36	navigational
age for pension in uk	1300	2.41	37	informational
women's pension age uk	1000	6.26	26	informational
women pension age uk	1000	6.26	26	informational
uk state pension age review	1000	0.04	16	informational
uk pension age female	1000	0.93	26	informational
pension age in uk for woman	1000	0.93	28	informational
pension age for women uk	1000	0.93	23	informational
pension age for female uk	1000	0.93	22	informational
uk state pension retirement age	880	2.66	41	informational
uk pension age male	880	3.55	21	informational
uk average pension pot by age	880	2.21	0	informational
state pension age in uk	880	2.66	35	informational
state pension age in the uk	880	2.66	35	informational
nhs pension scheme percentage	880	0	13	informational
nhs pension percentage	880	0	11	informational
gov uk state pension age	880	4.92	46	informational
dwp state pension age change uk	880	0	15	informational
disadvantages of workplace pension	880	2.43	0	informational
average uk pension pot by age	880	2.21	0	informational
average pension pot uk by age	880	2.21	0	informational
average pension contributions uk	880	2.15	6	informational
age pension uk	880	2.66	44	informational
age for pension uk	880	2.66	35	informational
what is state pension age uk	720	0.02	35	informational
old age pension uk	720	4.01	39	informational
gov uk pension age	720	4.18	42	informational
average uk pension pot at 65	720	1.52	2	informational
average pension pot at 65 uk	720	1.52	3	informational
what is the current uk state pension age	590	0	38	informational
uk teachers pension agency	590	2.47	21	navigational
teachers pension agency	590	2.47	32	navigational
nhs pension age	590	0	5	informational
what is state pension age in uk	480	0	35	informational
uk average pension pot at retirement	480	3.4	9	informational
state pension age calculator uk	480	1.28	35	informational
pension pot by age	480	2.12	15	informational
pension age uk 2025	480	0	34	informational
pension age calculator uk	480	1.28	43	navigational
old age pension uk how much	480	1.67	36	informational
nhs pension early retirement	480	1.34	5	navigational
new pension age uk	480	0	35	informational
how much old age pension uk	480	1.67	38	informational
how much is uk old age pension	480	1.67	36	informational
how much is the uk old age pension	480	1.67	35	informational
early retirement nhs pension scheme	480	1.34	6	navigational
early retirement nhs pension	480	1.34	6	navigational
average uk pension pot at retirement	480	3.4	0	informational
average uk pension pot at 60	480	0.51	3	informational
average retirement pension pot uk	480	3.4	4	informational
average pension pot at retirement uk	480	3.4	1	informational
average nhs pension per month calculator	480	1.46	10	informational
which government raised the pension age uk	390	0	22	informational
uk private pension age	390	7.29	15	informational
teachers pension percentage	390	0	0	informational
private pension age uk	390	7.29	22	informational
pension age women uk	390	1.97	24	informational
pension age woman uk	390	1.97	35	informational
pension age review uk	390	0	12	informational
average pension pot	390	2.34	1	informational
uk old age pension	320	2.7	41	informational
state pension age rise uk	320	0	16	informational
pension old age uk	320	2.7	37	informational
pension credit calculator age uk	320	2.04	35	navigational
pension credit age uk	320	9.83	23	informational
pension age uk female	320	0	26	informational
pension age rise uk	320	0	14	informational
pension age increase uk	320	0	15	informational
old age pension in uk	320	2.7	39	informational
female pension age uk	320	0	27	informational
average uk pension pot at 55	320	1.74	0	informational
average teachers pension after 30 years	320	0	0	informational
age uk pension credit calculator	320	2.04	49	informational
age uk pension credit	320	9.83	35	informational
workplace pension age	260	0	11	informational
what is female pension age in uk	260	0.79	24	informational
what age do you start paying pension uk	260	0	25	informational
pension calculator age uk	260	1.92	36	navigational
pension auto-enrolment age	260	0	8	informational
pension auto enrolment age	260	0	8	informational
pension age uk calculator	260	1.92	42	navigational
civil service pension retirement age	260	0	2	informational
auto-enrolment pension age	260	0	7	informational
auto enrolment pension age	260	0	8	informational
age uk pension calculator	260	1.92	35	informational
age for workplace pension	260	0	9	commercial
age for auto enrolment pension	260	0	1	informational
teachers pension ill health retirement	210	4.31	0	commercial
state pension age uk 2025	210	3.1	26	informational
pension age disability payment uk	210	0	9	informational
minimum pension age uk	210	0	3	informational
minimum age for pension uk	210	0	8	informational
ill health retirement teachers pension	210	4.31	0	commercial
average teachers pension uk	210	0	0	informational
average teachers pension	210	0	0	informational
average private pension pot uk	210	2.41	0	informational
what is pension age uk	170	1.62	35	informational
uk state pension age 71	170	0	26	informational
uk state pension age 68	170	0	0	informational
uk pension age 68	170	0	5	informational
teachers pension early retirement	170	4.73	0	navigational
teachers pension age	170	0	0	informational
state pension age uk female	170	0	26	informational
state pension age uk changes	170	0	15	informational
state pension age men uk	170	0	25	informational
state pension age for females in uk	170	0	22	informational
state pension age for female uk	170	0	26	informational
pension uk age	170	5.2	35	informational
pension retirement age uk	170	1.94	28	informational
new state pension age uk	170	0	35	informational
early retirement teachers pension	170	4.73	0	navigational
average size pension pot uk	170	0.95	1	informational
average size of uk pension pot	170	0.95	1	informational
average pension pot size uk	170	0.95	0	informational
average pension pot at 55 uk	170	4.93	0	informational
average pension pot at 50 uk	170	1.3	1	informational
women's state pension age uk	140	0	28	informational
teachers pension phased retirement	140	5.19	0	commercial
teachers pension early retirement calculator	140	1.37	0	navigational
teachers pension contributions percentage	140	0	0	informational
teachers pension calculator early retirement	140	1.37	0	navigational
state pension age woman uk	140	0	25	informational
retirement age for state pension uk	140	0	35	informational
phased retirement teachers pension	140	5.19	0	commercial
pension drawdown age	140	4.07	4	informational
pension age uk 2024	140	0	35	informational
early retirement teachers pension calculator	140	1.37	0	navigational
early pension age uk	140	8.73	28	informational
does uk state pension increase at age 80	140	0	8	informational
current state pension age uk	140	0	35	informational
civil service pension percentage	140	0	0	informational
changes to pension age uk	140	0	21	informational
average pension pot by age	140	1.85	2	informational
age uk pension advice	140	5.81	50	informational
what is the new pension age in uk	110	5.65	21	informational
uk state pension age change 2025 latest news	110	0	12	informational
uk state pension age change 2025 gov uk	110	0	35	informational
teachers pension retirement age	110	0	0	informational
teachers pension final salary or career average	110	0	0	informational
state pension age increase to 68 gov uk	110	0	25	informational
recommended pension pot by age	110	4.21	4	informational
pension pot size by age	110	1.63	4	informational
pension pot required to retire at 60	110	4.19	12	commercial
pension pot needed to retire at 60	110	4.19	2	commercial
pension age uk changes	110	0	21	informational
how do i claim my workplace pension when i retire	110	0	16	informational
civil service pension ill-health retirement calculator	110	0	0	commercial
civil service pension ill health retirement calculator	110	0	0	commercial
civil service pension age	110	0	0	informational
changes to state pension age uk	110	0	12	informational
average pension pot at retirement	110	2.41	9	informational
average pension pot at 60 uk	110	1.72	1	informational
average pension by age uk	110	0	2	informational
workplace pension scheme percentage	90	0	10	informational
workplace pension percentage	90	0	20	informational
what is the uk old age pension	90	0	44	informational
what is the old age pension in the uk	90	0	47	informational
uk pension age history	90	0	22	informational
uk old age pension rates	90	1.61	35	informational
uk old age pension amount	90	1.61	35	informational
teachers pension ill health retirement calculator	90	1.77	0	commercial
teachers pension career average	90	0	0	informational
private pension retirement age uk	90	1.67	22	informational
old age pension uk amount	90	1.61	35	informational
median pension pot by age uk	90	0	1	informational
current old age pension uk	90	0	38	informational
civil service pension retirement modeller	90	0	0	commercial
career average pension vs final salary	90	1.7	0	informational
average pension pot at 50	90	0	1	informational
average pension pot at 40 uk	90	0	0	informational
average civil service pension	90	0	0	informational
what pension age uk	70	0	35	informational
uk pension pot by age	70	1.3	10	informational
uk pension age change 2025 latest news	70	0	5	informational
uk pension age change 2025 gov uk	70	0	36	informational
uk new state pension age	70	0	17	informational
teachers retirement pension	70	4.25	5	informational
state pension age uk men	70	0	35	informational
state pension age timetable uk	70	0	21	informational
sipp pension age	70	5.16	16	informational
private pension uk age	70	2.46	19	informational
pension savings by age uk	70	0	15	informational
pension pot by age uk	70	0	4	informational
pension auto enrolment percentages	70	0	4	informational
government pension age uk	70	0	35	informational
gov uk pension age calculator	70	0	44	navigational
civil service pension partial retirement	70	0	0	informational
average pension savings by age uk	70	0	2	informational
auto enrolment pension percentages	70	0	1	informational
auto enrolment pension percentage	70	0	1	informational
what is my state pension age uk	50	0	37	informational
what age will i get my pension uk	50	0	40	informational
uk pension age news	50	0	0	informational
state pension age uk woman	50	0	35	informational
state pension age uk for women	50	0	35	informational
state pension age 2025 gov uk	50	0	35	informational
retirement age uk private pension	50	0	14	informational
raising pension age uk	50	0	12	informational
pension age uk news	50	0	6	informational
pension age uk 74	50	5.22	0	informational
normal pension age uk	50	0	47	informational
is the uk pension age going up	50	0	0	informational
civil service pension ill health retirement	50	0	0	commercial
civil service pension early retirement	50	0	0	navigational
check my pension age uk	50	0	0	navigational
what pension age in uk	40	0	42	informational
what is the auto enrolment pension percentage	40	0	0	informational
what age you get pension in uk	40	1.4	0	informational
what age is state pension age in uk	40	0	40	informational
uk state pension age change 2025 calculator	40	0	0	informational
uk pension rules at age 75	40	0	8	informational
uk pension eligibility age	40	0	46	informational
uk pension age 74	40	0	0	informational
state pension age uk table	40	0	23	informational
state pension age uk male	40	0	21	informational
state pension age uk increase	40	0	0	informational
pension by age uk	40	0	31	informational
pension age news uk	40	0	0	informational
pension age 67 phased out gov uk	40	2.37	0	informational
pension access age uk	40	0	0	navigational
gov uk check state pension age	40	0	26	informational
changes to uk pension age	40	0	45	informational
average pension size by age uk	40	0	0	informational
pension age for men and women uk	30	0	0	informational
career average pension vs final salary calculator	30	0	0	informational
final salary vs career average pension	20	0	0	informational
final salary pension early retirement calculator	20	2.43	20	informational
final salary pension calculator early retirement	20	2.43	32	informational
age for pension auto enrolment	20	0	8	informational
teachers pension agency contact	10	0	0	navigational
pension auto enrolment age rules	10	0	0	informational
auto enrolment reaching state pension age	10	0	0	informational
auto enrolment over state pension age	10	0	24	informational
aged pension receive inheritance	0	0	0	commercial
