pension nhs contribution	12100	0	8	informational
pension contributions nhs	12100	0	13	informational
pension contribution nhs	12100	0	9	informational
nhs pension scheme contributions	12100	0	17	informational
nhs pension contributions	12100	0	13	informational
nhs pension contribution	12100	0	10	informational
uk teachers pension contributions	5400	2.08	10	informational
uk teacher pension contributions	5400	2.08	10	informational
teachers pension uk contributions	5400	2.08	3	informational
teachers pension contributions	5400	2.08	0	informational
teacher pension scheme contributions	5400	2.08	0	informational
teacher pension contributions	5400	2.08	0	informational
pension scheme employer contributions	5400	7.45	19	informational
pension scheme contributions	5400	4.7	20	informational
pension employer contributions	5400	7.45	9	informational
pension contributions from employer	5400	7.45	9	informational
pension contributions employer	5400	7.45	9	informational
pension contributions calculator	5400	1.94	44	informational
pension contributions by employer	5400	7.45	9	informational
pension contributions	5400	4.7	8	informational
pension contribution calculator	5400	1.94	25	informational
pension calculator contributions	5400	1.94	36	informational
pension calculator contribution	5400	1.94	33	informational
er pension contributions	5400	7.45	27	informational
employers pension contributions	5400	7.45	10	informational
employer's pension contributions	5400	7.45	7	informational
employer pension contributions	5400	7.45	9	informational
employer contributions pension	5400	7.45	5	informational
employees pension contributions	5400	7.45	20	informational
employee pension contributions	5400	7.45	21	informational
employee contributions pension	5400	7.45	20	informational
contributions pension	5400	4.7	8	informational
contribution pension calculator	5400	1.94	39	informational
company pension contributions	5400	7.45	5	informational
company contributions to pension	5400	7.45	5	informational
calculator for pension contributions	5400	1.94	38	informational
calculate pension contributions	5400	1.94	44	informational
tax relief pension contributions	4400	5.11	11	informational
tax relief on pension contributions	4400	5.11	11	informational
tax relief for pension contributions	4400	5.11	11	informational
tax rebate pension contributions	4400	5.11	21	informational
pension contributions: tax relief	4400	5.11	11	informational
pension contributions tax relief	4400	5.11	12	informational
pension contributions and tax relief	4400	5.11	6	informational
pension contribution tax relief	4400	5.11	11	informational
pension contribution and tax relief	4400	5.11	6	informational
how many years ni contributions for full pension	3600	1.42	37	informational
defined pension contributions	3600	6.14	10	informational
tax relief on pension contributions example	2900	2.05	10	informational
salary sacrifice pension contributions	2400	3.39	7	informational
salary sacrifice for pension contributions	2400	3.39	0	informational
salary sacrifice and pension contributions	2400	3.39	18	informational
salary exchange pension contributions	2400	3.39	0	informational
pension minimum contributions	2400	6.18	1	informational
pension contributions salary sacrifice	2400	3.39	8	informational
pension contributions minimum	2400	6.18	1	informational
minimum pension contributions	2400	6.18	1	informational
maximum pension contributions uk	2400	1.1	33	informational
civil.service pension contributions	2400	0	0	informational
civil service pension contributions	2400	0	1	informational
civil service pension contribution	2400	0	5	informational
pension maximum contributions	1900	1.39	35	informational
pension max contributions	1900	1.39	5	informational
pension contributions maximum	1900	1.39	34	informational
pension contributions limits	1900	1.52	7	informational
pension contributions limit	1900	1.52	11	informational
pension contributions cap	1900	1.52	14	informational
maximum pension contributions	1900	1.39	37	informational
check pension contributions	1900	3.6	38	informational
ni contributions for state pension	1600	1.54	39	informational
ni contributions and state pension	1600	1.54	34	informational
nhs pension scheme employer contributions	1600	0	0	informational
nhs pension employer contributions	1600	0	0	informational
nhs pension employer contribution	1600	0	0	informational
nhs pension contributions employer	1600	0	0	informational
nhs pension contribution rates	1600	0	4	informational
nhs employee pension contributions	1600	0	17	informational
minimum employer pension contributions	1600	0.14	7	informational
employer pension contributions minimum	1600	0.14	5	informational
employer contribution nhs pension	1600	0	1	informational
uk pension contributions	1300	3.32	20	informational
pension contributions uk	1300	3.32	41	informational
pension contributions in uk	1300	3.32	26	informational
hmrc pension contributions	1300	3.37	42	informational
hmrc company pension contributions	1300	3.37	10	informational
company pension contributions hmrc	1300	3.37	10	informational
tax on pension contributions	1000	3.3	8	informational
tax and pension contributions	1000	3.3	21	informational
pension ni contributions	1000	6.77	38	informational
pension contributions taxable	1000	3.3	14	informational
pension contributions tax	1000	3.3	14	informational
pension contributions and tax	1000	3.3	15	informational
pension and ni contributions	1000	6.77	37	informational
ni contributions pension	1000	6.77	38	informational
ni contributions for pension	1000	6.77	37	informational
national insurance contributions pension	1000	1.7	37	informational
minimum pension contributions uk	1000	0.18	2	informational
check my pension contributions	1000	3.77	27	informational
workplace pension scheme contributions	880	16	43	informational
workplace pension contributions	880	16	23	informational
workplace pension contribution	880	16	20	informational
do pension contributions reduce your taxable income uk	880	5.13	10	informational
average pension contributions uk	880	2.15	6	informational
uss pension scheme contributions	720	0	0	informational
uss pension contributions	720	0	0	informational
uk employer pension contributions	720	15.63	8	informational
uk company pension contributions	720	15.63	32	informational
tax relief pension contributions calculator	720	2.03	12	informational
tax relief on pension contributions calculator	720	2.03	24	informational
state pension contributions uk	720	0	38	informational
state pension contributions	720	0	37	informational
pension nest contributions	720	0	0	informational
pension contributions tax relief calculator	720	2.03	14	informational
pension contributions nest	720	0	0	informational
pension contributions calculator tax relief	720	2.03	14	informational
pension contributions calculator hmrc	720	1.23	41	informational
pension contribution tax relief calculator	720	2.03	14	informational
pension contribution calculator tax relief	720	2.03	14	informational
pension calculator employer contributions	720	2	17	informational
nhs employers pension contribution	720	0	0	informational
nhs employer pension contributions	720	0	3	informational
nest pension scheme contributions	720	0	0	informational
nest pension contributions	720	0	0	informational
maximum pension contributions per year	720	10.71	12	informational
how much does nhs contribute to pension	720	0	12	informational
how much do nhs contribute to pension	720	0	12	informational
hmrc pension contributions calculator	720	1.23	41	informational
employers pension contributions calculator	720	2	20	informational
employer pension contributions uk	720	15.63	7	informational
employer pension contributions calculator	720	2	23	informational
company pension contributions calculator	720	2	25	informational
calculate tax relief on pension contributions	720	2.03	14	informational
calculate pension contributions tax relief	720	2.03	14	informational
are pension contributions taxed	720	0	16	informational
are pension contributions taxable	720	0	18	informational
alpha pension scheme contributions	720	7.82	0	informational
alpha pension contributions	720	7.82	0	informational
teachers pension contribution rates	590	0	0	informational
tax relief on pension contributions higher rate	590	0	8	informational
state pension national insurance contributions	590	1.23	38	informational
standard pension contributions	590	0	5	informational
self-employed pension contributions	590	8.85	6	informational
self employed pension contributions	590	8.85	5	informational
private pension contributions	590	5.56	39	informational
police pension scheme contributions	590	0	0	informational
police pension contributions	590	0	0	informational
personal pension contributions	590	5.56	43	informational
pension contributions self-employed	590	8.85	11	informational
pension contributions self employed	590	8.85	6	informational
pension contributions higher rate tax relief	590	0	12	informational
pension contributions for self employed	590	8.85	6	informational
pension contributions definition	590	3.92	13	informational
nhs pension scheme contributions calculator	590	0	12	informational
nhs pension contributions calculator	590	0	15	informational
nhs pension contribution calculator	590	0	15	informational
national insurance contributions state pension	590	1.23	39	informational
local government pension scheme contributions	590	0	2	informational
local government pension contributions	590	0	3	informational
local gov pension contributions	590	0	10	informational
how to claim higher rate tax relief on pension contributions	590	0	11	informational
higher tax rate pension contributions relief	590	0	9	informational
higher rate tax relief on pension contributions	590	0	9	informational
high rate tax relief on pension contributions	590	0	10	informational
defined contributions pension scheme	590	3.92	5	informational
voluntary pension contributions	480	4.97	20	informational
voluntary contributions pension	480	4.97	20	informational
teachers pension employer contributions	480	0	0	informational
teacher pension employer contributions	480	0	0	informational
statutory pension contributions	480	0	19	informational
pension voluntary contributions	480	4.97	24	informational
nhs scotland pension contributions	480	0	7	informational
nhs scotland pension contribution	480	0	0	informational
nhs pension contributions 2025	480	0	0	informational
local government pension scheme employer contributions	480	0	0	informational
lgps pension contributions	480	0	23	informational
how to check my pension contributions	480	4.48	37	informational
how do i check my pension contributions	480	4.48	33	informational
how can i check my pension contributions	480	4.48	33	informational
claiming tax relief on pension contributions	480	0	10	informational
claim tax relief on pension contributions	480	0	8	informational
tax relief on private pension contributions	390	3.9	17	informational
tax relief on personal pension contributions	390	3.9	8	informational
tax relief on employers pension contributions	390	14.11	0	informational
tax relief on employer pension contributions	390	14.11	3	informational
tax relief for personal pension contributions	390	3.9	15	informational
tax relief employer pension contributions	390	14.11	0	informational
private pension contributions tax relief	390	3.9	22	informational
private pension contribution tax relief	390	3.9	17	informational
personal pension contributions tax relief	390	3.9	21	informational
pension tax relief on employer contributions	390	14.11	0	informational
pension tax relief employer contributions	390	14.11	0	informational
pension employer contribution tax relief	390	14.11	0	informational
pension contributions national insurance	390	0	25	informational
pension contributions how much	390	2.12	20	informational
pension contributions government	390	2.51	22	informational
pension contributions from limited company	390	9.83	0	informational
pension contributions for directors	390	6.89	0	informational
pension contributions annual allowance	390	2.41	33	informational
pension contributions and national insurance	390	0	9	informational
pension contributions allowance	390	0.33	33	informational
pension and national insurance contributions	390	0	38	informational
national insurance pension contributions	390	0	38	informational
national insurance contributions for state pension	390	0	41	informational
national insurance contributions and state pension	390	0	38	informational
national insurance and pension contributions	390	0	33	informational
maximum pension contributions by employer	390	0.12	6	informational
maximum employer pension contributions	390	0.12	0	informational
maximum company pension contributions	390	0.12	4	informational
ltd company pension contributions	390	9.83	0	informational
limited company pension contributions	390	9.83	0	informational
how much pension contributions	390	2.12	20	informational
how much are pension contributions	390	2.12	21	informational
government pension contributions	390	2.51	43	informational
employer tax relief on pension contributions	390	14.11	0	informational
employer pension contributions tax relief	390	14.11	3	informational
employer pension contributions maximum	390	0.12	0	informational
employer pension contributions and tax relief	390	14.11	0	informational
employer pension contribution tax relief	390	14.11	0	informational
do you pay tax on pension contributions	390	0	16	informational
directors pension contributions	390	6.89	0	informational
director pension contributions	390	6.89	0	informational
company pension contributions tax relief	390	14.11	0	informational
civil service pension employer contributions	390	0	0	informational
civil service employer pension contributions	390	0	0	informational
check my state pension contributions	390	0.8	29	informational
annual allowance on pension contributions	390	2.41	33	informational
pension auto-enrolment contributions	320	0	20	informational
pension auto enrolment contributions	320	0	14	informational
how to claim tax relief on pension contributions	320	3.33	8	informational
how do i claim tax relief on pension contributions	320	3.33	9	informational
higher rate tax relief on pension contributions example	320	1.7	7	informational
auto-enrolment pension contributions	320	0	19	informational
auto enrolment pension contributions	320	0	19	informational
what tax relief on pension contributions	260	15.34	12	informational
what is tax relief on pension contributions	260	15.34	0	informational
teachers pension contributions scotland	260	0	0	informational
sipp pension contributions	260	7.34	27	informational
how much tax relief on pension contributions	260	14.03	17	informational
civil service pension alpha contributions	260	0	0	informational
civil service alpha pension contributions	260	0	0	informational
workplace pension scheme minimum contributions	210	0	1	informational
workplace pension minimum contributions	210	0	6	informational
workplace pension minimum contribution	210	0	3	informational
workplace pension contributions calculator	170	4.88	25	informational
workplace pension contribution calculator	170	4.88	25	informational
teachers pension contributions calculator	170	2.29	0	informational
tax relief on pension contributions for self employed	170	4.34	0	informational
self-employed pension contributions tax relief	170	4.34	5	informational
self employed tax relief on pension contributions	170	4.34	0	informational
self employed pension contributions tax relief	170	4.34	0	informational
self employed pension contribution tax relief	170	4.34	0	informational
pension contributions self-employed tax relief	170	4.34	9	informational
pension contributions self employed tax relief	170	4.34	9	informational
how does tax relief work on pension contributions	170	3.08	3	informational
claiming tax relief on pension contributions for previous years	170	5.16	5	informational
civil service pension contribution rates	170	0	0	informational
calculating workplace pension contributions	170	4.88	18	informational
workplace pension minimum employer contribution	140	11.77	5	informational
workplace pension employers contribution	140	11.77	7	informational
workplace pension employer contributions	140	11.77	8	informational
uk tax relief pension contributions	140	9.46	21	informational
uk tax relief on pension contributions	140	9.46	15	informational
teachers pension scheme contributions	140	0	0	informational
teachers pension contributions percentage	140	0	0	informational
tax relief pension contributions uk	140	9.46	11	informational
tax relief on uk pension contributions	140	9.46	21	informational
pension contributions teachers	140	0	10	informational
pension contributions for teachers	140	0	10	informational
pension contribution teachers	140	0	10	informational
employer workplace pension contributions	140	11.77	20	informational
claim higher rate tax relief on pension contributions	140	0	8	informational
teachers pension employee contributions	110	0	0	informational
pension auto enrolment minimum contributions	110	0	7	informational
auto-enrolment pension minimum contributions	110	0	0	informational
auto enrolment pension minimum contributions	110	0	0	informational
additional pension contributions tax relief	110	2.67	5	informational
teachers pension contributions employer	90	0	1	informational
teachers pension additional contributions	90	0	0	informational
teachers employer pension contributions	90	0	0	informational
tax relief on pension contributions for high earners	90	0	13	informational
pension contributions corporation tax relief	90	0	0	informational
maximum tax relief on pension contributions	90	0.41	33	informational
maximum pension contribution for tax relief	90	0.41	33	informational
max tax relief on pension contributions	90	0.41	15	informational
how to transfer pension contribution from previous employer	90	6.58	5	informational
hmrc tax relief on pension contributions	90	0	9	informational
do i get tax relief on employer pension contributions	90	0	2	informational
do employers get tax relief on pension contributions	90	0	2	informational
do employer pension contributions get tax relief	90	0	2	informational
corporation tax relief pension contributions	90	0	0	informational
corporation tax relief on pension contributions	90	0	0	informational
corporation tax relief for pension contributions	90	0	0	informational
company tax relief on pension contributions	90	0	0	informational
civil service pension employee contributions	90	0	0	informational
civil service employee pension contributions	90	0	0	informational
what is teachers pension contribution	70	0	10	informational
tax relief on pension contributions higher rate calculator	70	0	19	informational
pension contributions civil service	70	0	1	informational
pension contributions after drawdown	70	0	0	informational
pension contribution higher rate tax relief calculator	70	0	14	informational
how to work out tax relief on pension contributions	70	0	13	informational
how to calculate tax relief on pension contributions	70	0	15	informational
how much does civil service contribute to pension	70	0	0	informational
how much do civil service contribute to pension	70	0	0	informational
how much are teachers pension contributions	70	0	10	informational
higher rate tax relief on pension contributions calculator	70	0	20	informational
do you get tax relief on salary sacrifice pension contributions	70	0	0	informational
do you get tax relief on employer pension contributions	70	0	8	informational
defined contribution pension plan transfer	70	23.21	0	informational
claiming higher rate tax relief on pension contributions	70	0	3	informational
pension auto enrolment contributions calculator	50	0	20	informational
maximum workplace pension contribution	50	0.17	13	informational
civil service pension contributions 2025	50	0	0	informational
civil service pension contribution calculator	50	0	9	informational
calculating auto enrolment pension contributions	50	0	20	informational
calculate auto-enrolment pension contributions	50	0	0	informational
auto-enrolment pension contributions calculator	50	0	0	informational
auto enrolment pension contributions calculator	50	0	20	informational
auto enrolment pension contribution calculator	50	0	20	informational
25 tax relief on pension contributions	50	0.41	0	informational
pension auto enrolment minimum employer contributions	40	0	0	informational
pension auto enrolment employer contributions	40	0	0	informational
pause pension contributions	40	0	1	informational
is a sipp a defined contribution pension scheme	40	0	0	informational
employer pension contributions auto enrolment	40	0	0	informational
auto-enrolment pension employer contributions	40	0	0	informational
auto enrolment pension employer contributions	40	0	0	informational
tax relief on sipp pension contributions	30	8.11	0	informational
sipp pension government contribution	30	11.19	0	informational
sipp pension contributions tax relief	30	8.11	0	informational
pension contribution auto enrolment	30	0	19	informational
is a sipp a defined contribution pension	30	0	0	informational
final salary pension vs defined contribution	30	0	54	informational
defined contribution pension inheritance tax	30	0	0	informational
uk pension auto enrolment minimum contributions	20	0	0	informational
pension auto enrolment contribution rates	20	0	0	informational
how to calculate pension contributions for auto enrolment	20	0	0	informational
how to calculate auto enrolment pension contributions	20	0	44	informational
difference between final salary pension and defined contribution	20	0	0	informational
defined contribution pension vs final salary	20	0	54	informational
auto-enrolment pension contributions 2025/26	20	0	0	informational
auto enrolment pension contributions 2025/26	20	0	0	informational
auto enrolment pension contribution rates	20	0	0	informational
widow's contributory pension ireland	10	0	0	informational
pension contributions on behalf of spouse	10	0	0	informational
defined contribution pension inheritance	10	0	0	informational
defined contribution pension and inheritance tax	10	0	0	informational
auto enrolment pension contributions tax relief	10	0	0	informational
auto enrolment pension contributions during sick leave	10	0	0	informational
auto enrolment pension contributions 2024/25	10	0	0	informational
auto enrolment pension contributions 2023/24	10	0	22	informational
west sussex pension contributions	0	0	0	informational
