teachers pension uk	110000	5.81	14	navigational
teachers pension	110000	5.81	24	navigational
teacher pension uk	110000	5.81	20	navigational
teacher pension england	110000	5.81	20	navigational
teacher pension	110000	5.81	14	navigational
pension teachers	110000	5.81	24	navigational
teachers pension login	33100	0	0	navigational
teachers pension log in	33100	0	0	navigational
teachers pension agency login	33100	0	6	navigational
teacher pension login	33100	0	0	navigational
login teachers pension	33100	0	0	navigational
teachers pension scheme uk	8100	5.48	17	navigational
teachers pension scheme	8100	5.48	12	navigational
uk teachers pension contributions	5400	2.08	10	informational
uk teacher pension contributions	5400	2.08	10	informational
teachers pension uk contributions	5400	2.08	3	informational
teachers pension contributions	5400	2.08	0	informational
teacher pension scheme contributions	5400	2.08	0	informational
teacher pension contributions	5400	2.08	0	informational
teachers pension uk contact number	4400	0	0	informational
teachers pension telephone number	4400	0	0	informational
teachers pension phone number	4400	0	0	informational
teachers pension contact number	4400	0	0	informational
uk teachers pension calculator	3600	5.78	1	navigational
uk teacher pension calculator	3600	5.78	4	navigational
teachers pension uk calculator	3600	5.78	4	navigational
teachers pension scheme calculator	3600	5.78	0	navigational
teachers pension estimate	3600	5.78	0	navigational
teachers pension calculators	3600	5.78	0	commercial
teachers pension calculator	3600	5.78	0	navigational
teacher pension uk calculator	3600	5.78	4	navigational
teacher pension scheme calculator	3600	5.78	0	navigational
teacher pension calculator	3600	5.78	0	navigational
teachers pension schemes	1600	7.56	12	navigational
teachers pension plan ontario	1600	0.08	10	navigational
teachers pension online	1600	4.64	10	navigational
teachers pension my pension online	1600	4.64	0	navigational
teachers pension increase 2025	1600	0	0	informational
ontario teachers pension plan board	1600	0.08	8	commercial
ontario teachers pension plan	1600	0.08	17	navigational
ontario teachers pension	1600	0.08	6	navigational
ontario pension plan teachers	1600	0.08	7	navigational
online teachers pension	1600	4.64	10	navigational
my teachers pension online	1600	4.64	0	navigational
teachers pension uk contact	880	14.56	0	informational
teachers pension contact	880	14.56	0	navigational
teachers pension scheme login	720	0	7	navigational
uk teachers pension agency	590	2.47	21	navigational
teachers pension scotland	590	4.37	3	navigational
teachers pension scheme scotland	590	4.37	0	navigational
teachers pension ni	590	4.03	0	navigational
teachers pension contribution rates	590	0	0	informational
teachers pension agency	590	2.47	32	navigational
teachers pension website	480	0	15	navigational
teachers pension opt out	480	0	0	informational
teachers pension employer contributions	480	0	0	informational
teachers pension address darlington	480	0	0	navigational
teachers pension address	480	0	4	navigational
teacher pension employer contributions	480	0	0	informational
opt out teachers pension	480	0	0	navigational
how much is teachers pension	480	0.7	0	commercial
how much is a teachers pension	480	0.7	0	commercial
teachers pension rise 2025 26 latest news today	390	0	0	commercial
teachers pension review	390	0	0	commercial
teachers pension percentage	390	0	0	informational
teachers pension rates	320	0	0	informational
teachers pension portal	320	0	0	navigational
teachers pension login uk	320	0	1	navigational
teachers pension death benefits	320	0	0	informational
teachers pension calculator uk	320	2.31	0	navigational
average teachers pension after 30 years	320	0	0	informational
uk teachers pension	260	3.98	19	navigational
teachers pension transitional protection update today	260	0	0	commercial
teachers pension services	260	4.63	22	navigational
teachers pension portal ni	260	0	0	navigational
teachers pension portal n i	260	0	0	commercial
teachers pension opt out form	260	0	0	informational
teachers pension increase 2025/26	260	0	0	commercial
teachers pension email address	260	0	0	navigational
teachers pension contributions scotland	260	0	0	informational
teachers pension advice	260	6.48	0	navigational
opt out teachers pension form	260	0	0	informational
how much is a teachers pension per month	260	2.74	3	informational
how does teachers pension work	260	0	3	informational
what is teachers pension	210	0	2	informational
what is a teachers pension	210	0	10	informational
uk teachers pension increase	210	0	0	informational
teachers pension news	210	0	0	navigational
teachers pension increase	210	0	0	informational
teachers pension ill health retirement	210	4.31	0	commercial
teachers pension avc	210	0	0	navigational
ill health retirement teachers pension	210	4.31	0	commercial
average teachers pension uk	210	0	0	informational
average teachers pension	210	0	0	informational
tps teachers pension	170	0	32	navigational
tpa teachers pension	170	0	16	commercial
the teachers pension	170	5.98	16	navigational
teachers pension transitional protection	170	0	0	commercial
teachers pension rise 2025	170	0	0	commercial
teachers pension lump sum	170	1.75	0	informational
teachers pension early retirement	170	4.73	0	navigational
teachers pension death in service	170	0	0	navigational
teachers pension contributions calculator	170	2.29	0	informational
teachers pension calculator ni	170	0.97	0	navigational
teachers pension age	170	0	0	informational
ni teachers pension calculator	170	0.97	0	navigational
ni teachers pension	170	0	0	navigational
lump sum teachers pension	170	1.75	0	informational
how to calculate teachers pension	170	0	0	informational
how much is a teachers pension per month uk	170	0	1	informational
early retirement teachers pension	170	4.73	0	navigational
death grant teachers pension	170	5.04	0	commercial
teachers pension scheme tps	140	0	30	navigational
teachers pension scheme contributions	140	0	0	informational
teachers pension rise 2025 26 latest news today gov uk	140	0	0	commercial
teachers pension phased retirement	140	5.19	0	commercial
teachers pension number	140	0	0	informational
teachers pension login problems	140	0	0	navigational
teachers pension increase 2025 latest news	140	0	0	informational
teachers pension fund	140	2.98	21	navigational
teachers pension explained	140	0.18	8	informational
teachers pension early retirement calculator	140	1.37	0	navigational
teachers pension contributions percentage	140	0	0	informational
teachers pension calculator early retirement	140	1.37	0	navigational
teachers pension bereavement	140	0	0	commercial
sppa teachers pension	140	0	6	commercial
phased retirement teachers pension	140	5.19	0	commercial
pension fund for teachers	140	2.98	12	commercial
pension contributions teachers	140	0	10	informational
pension contributions for teachers	140	0	10	informational
pension contribution teachers	140	0	10	informational
ontario teachers pension plan london	140	5.37	16	navigational
early retirement teachers pension calculator	140	1.37	0	navigational
avc teachers pension	140	2.82	0	navigational
what pension do teachers get	110	0	8	informational
what happens to my uk teachers pension when i die	110	0	0	commercial
what happens to my teachers pension when i die	110	0	0	commercial
teachers pension website problems today	110	0	6	navigational
teachers pension scheme contact number	110	5.74	0	navigational
teachers pension retirement age	110	0	0	informational
teachers pension northern ireland	110	0	0	commercial
teachers pension increase 2024	110	0	0	informational
teachers pension final salary or career average	110	0	0	informational
teachers pension final salary	110	0	0	informational
teachers pension faster accrual	110	0.51	0	informational
teachers pension employee contributions	110	0	0	informational
teachers pension darlington phone number	110	0	0	informational
teachers pension complaints	110	0	0	navigational
teachers pension change of address	110	0	0	informational
teachers pension address change	110	0	0	navigational
teachers pension accrual rate	110	0	0	informational
is teachers pension good	110	0	0	informational
how much pension do teachers get	110	0	3	informational
final salary teachers pension	110	0	0	informational
final salary pension teachers	110	0	0	informational
faster accrual teachers pension	110	0.51	0	informational
do teachers get state pension as well uk	110	0	0	informational
will my wife get my teachers pension if i die	90	0	0	transactional
when can i take my teachers pension	90	0	0	informational
wesleyan teachers pension advice	90	4.61	0	navigational
teachers pension remedy calculator	90	0	1	navigational
teachers pension plan	90	0	9	navigational
teachers pension p60	90	0	0	commercial
teachers pension online login	90	0	0	navigational
teachers pension lump sum advice	90	6.12	0	informational
teachers pension ill health retirement calculator	90	1.77	0	commercial
teachers pension helpline	90	0	0	navigational
teachers pension darlington	90	0	0	commercial
teachers pension contributions employer	90	0	1	informational
teachers pension career average	90	0	0	informational
teachers pension benefits	90	0	1	informational
teachers pension amount	90	0	1	navigational
teachers pension advice lump sum	90	6.12	0	informational
teachers pension additional contributions	90	0	0	informational
teachers employer pension contributions	90	0	0	informational
pension plan teachers	90	0	12	navigational
pension for teachers	90	12.99	24	informational
pension calculator teachers	90	0	0	navigational
pension calculator for teachers	90	0	0	informational
p60 teachers pension	90	0	0	commercial
my pension online teachers	90	0	7	navigational
is it worth buying additional teachers pension	90	0.49	0	commercial
how much do teachers pay into pension	90	0	10	informational
benefits of teachers pension	90	0	0	informational
when is teachers pension lump sum paid	70	0	0	informational
what is teachers pension contribution	70	0	10	informational
teachers retirement pension	70	4.25	5	informational
teachers pension tax free lump sum	70	0	0	informational
teachers pension statement	70	0	0	informational
teachers pension scheme telephone number	70	0	1	navigational
teachers pension opening hours	70	0	0	informational
teachers pension lump sum tax free	70	0	0	informational
teachers pension increase 2024/25	70	0	0	informational
teachers pension employer portal	70	0	0	navigational
teachers pension contact number opening times	70	0	0	informational
teachers pension cetv	70	0	0	navigational
teachers pension bandings	70	0	0	informational
teachers pension app	70	0	0	navigational
teachers pension and lump sum at 55	70	0	0	informational
teachers final salary pension scheme	70	0	3	informational
teachers final salary pension	70	0	0	informational
ontario teachers pension plan aum	70	5.07	10	informational
ni teachers pension portal login	70	0	0	navigational
is teachers pension taxed	70	0	2	informational
is teachers pension taxable	70	0	2	informational
is a teachers pension taxable	70	0	0	informational
how much is a teachers pension per month uk calculator	70	0	0	informational
how much are teachers pension contributions	70	0	10	informational
how is teachers pension increase calculated	70	0	0	informational
cetv teachers pension	70	0	0	navigational
ni teachers pension portal register login	50	0	0	navigational
is teachers pension index linked	50	0	1	informational
do teachers get final salary pension	50	0	0	informational
final salary teachers pension calculator	30	2.92	0	informational
can i transfer my teachers pension to a sipp	30	3.78	0	commercial
is teachers pension final salary	20	0	0	informational
teachers pension changes 2019	10	0	0	commercial
teachers pension and state pension	10	0	15	informational
teachers pension agency contact	10	0	0	navigational
