pension calculator annuity	5400	3.83	10	navigational
pension annuity calculator	5400	3.83	10	navigational
annuity pension calculator	5400	3.83	10	navigational
pension plan annuity	3600	8.24	1	informational
pension annuity	3600	8.24	7	informational
pension and annuity	3600	8.24	2	navigational
annuity pension plan	3600	8.24	1	informational
annuity pension	3600	8.24	7	navigational
annuity for pension	3600	8.24	7	informational
annuity and pension	3600	8.24	0	navigational
pension annuity or drawdown	1900	3.26	0	informational
what is pension annuity	1300	2.49	2	informational
what is annuity pension	1300	2.49	10	informational
what is a pension annuity	1300	2.49	2	informational
pension annuity rates	1300	4.27	7	informational
annuity rates pension	1300	4.27	7	informational
annuity pension rates	1300	4.27	20	informational
pension annuity comparison	1000	14.41	8	informational
compare pension annuity	1000	14.41	17	navigational
pension annuity calculator uk	880	3.1	8	navigational
what is an annuity pension	720	2.02	1	informational
pension pot annuity calculator	480	3.17	10	navigational
pension drawdown vs annuity	390	2.72	0	informational
pension drawdown versus annuity	390	2.72	0	informational
pension drawdown v annuity	390	2.72	0	informational
annuity vs drawdown pension	390	2.72	0	informational
annuity v drawdown pension	390	2.72	0	informational
pension drawdown or annuity	320	3.96	6	informational
pension annuity purchase	320	9.32	20	informational
pension annuity or income drawdown	320	3.96	0	informational
pension annuity meaning	320	1.7	3	informational
pension annuity definition	320	1.7	3	informational
drawdown or annuity pension	320	3.96	0	informational
buying a pension annuity	320	9.32	7	informational
buy pension annuity	320	9.32	7	navigational
buy a pension annuity	320	9.32	7	navigational
annuity pension meaning	320	1.7	3	informational
annuity or drawdown pension	320	3.96	6	informational
uk pension annuity rates	260	3.35	11	informational
pension wise annuity calculator	260	13.74	21	navigational
pension annuity rates uk	260	3.35	11	informational
best pension annuity rates	260	10.06	9	informational
best annuity pension rates	260	10.06	9	informational
annuity pension on death	260	2.89	0	informational
pension vs annuity	210	4.27	1	informational
pension versus annuity	210	4.27	0	informational
pension annuity income	210	0	3	informational
annuity vs pension	210	4.27	0	informational
can you buy annuity without pension	170	4.25	5	informational
can you buy an annuity without a pension	170	4.25	5	informational
best pension annuity calculator	170	5.74	13	informational
best pension annuity	170	13.73	18	informational
best annuity pension plan	170	13.73	28	informational
best annuity pension	170	13.73	18	informational
what does pension annuity mean	140	2.04	3	informational
pension annuity uk	140	8.43	25	navigational
pension annuity calculator gov	140	3.63	39	navigational
pension annuity calculator aviva	140	10.86	2	navigational
aviva pension annuity calculator	140	10.86	2	navigational
what is a pension annuity and how does it work	110	1.68	0	informational
pension and annuity difference	110	5.67	0	informational
is an annuity a pension	110	0	0	informational
is a pension plan an annuity	110	0	1	informational
how does pension annuity work	110	1.77	0	informational
how does a pension annuity work	110	1.77	0	informational
difference between pension and annuity	110	5.67	1	informational
difference between annuity and pension	110	5.67	0	informational
annuity pension difference	110	5.67	3	informational
annuity and pension difference	110	5.67	5	informational
pension annuity vs drawdown	90	2.93	0	informational
just pension annuity	90	9.33	4	navigational
annuity meaning pension	90	2.96	3	informational
what is an annuity pension and how does it work	70	3.72	0	informational
uk pension bond annuity rates	70	0	17	informational
pension annuity quotes	70	22.96	8	informational
pension annuity quote	70	22.96	8	informational
pension annuity quotation	70	22.96	6	informational
non pension annuity	70	3.6	0	informational
nhs pension hypothetical annuity cost	70	0	0	informational
legal and general pension annuity calculator	70	5.12	6	navigational
hypothetical annuity cost nhs pension	70	0	0	informational
best uk pension annuity rates	70	6.95	10	informational
best pension annuity rates uk	70	6.95	10	informational
200k pension pot annuity	70	2.53	6	commercial
100 000 pension pot annuity	70	3.24	0	commercial
what is an annuity pension uk	50	2.8	0	informational
what is a pension annuity uk	50	1.52	0	informational
pension or annuity	50	3.19	0	informational
pension annuity buyout	50	0	0	informational
guaranteed pension annuity	50	6.13	44	informational
guaranteed annuity pension	50	6.13	44	informational
drawdown pension vs annuity	50	2.97	0	informational
drawdown pension versus annuity	50	2.97	9	informational
aviva pension annuity	50	9.7	44	navigational
annuity versus pension	50	3.19	0	informational
annuity or pension	50	3.19	0	informational
what is the difference between an annuity and a pension	40	4.25	42	informational
what is the difference between a pension and an annuity	40	4.25	42	informational
purchased life annuity vs pension annuity	40	0	0	informational
prudential pension annuity	40	2.28	0	navigational
prudential annuity pension	40	2.28	0	navigational
pension lump sum vs annuity	40	3.29	0	informational
pension lump sum versus annuity	40	3.29	0	informational
pension lump sum or annuity	40	3.29	49	informational
pension annuity vs lump sum	40	3.29	0	informational
pension annuity versus lump sum	40	3.29	0	informational
pension annuity providers uk	40	17.32	0	navigational
pension annuity providers	40	24.32	19	navigational
pension annuity or lump sum	40	3.29	49	informational
pension annuity calculator uk gov	40	2.55	13	navigational
lump sum vs annuity pension	40	3.29	0	informational
lump sum versus annuity pension	40	3.29	0	informational
lump sum pension vs annuity	40	3.29	0	informational
lump sum or annuity pension	40	3.29	49	informational
hypothetical annuity cost nhs pension meaning	40	0	0	informational
does an annuity pension die with you	40	6.68	0	informational
buy pension annuity calculator	40	2.69	0	navigational
annuity pension providers	40	24.32	42	navigational
annuity or pension drawdown	40	4.52	0	informational
annuity or lump sum pension	40	3.29	49	informational
what is best pension drawdown or annuity	30	3.9	0	informational
what is a life annuity pension	30	0	42	informational
pension annuity rates uk chart	30	3.11	0	informational
pension annuity rates calculator	30	3.2	0	informational
martin lewis pension annuity	30	4.97	0	informational
legal and general pension annuity	30	11.29	43	informational
free pension annuity calculator	30	3.55	0	navigational
does a pension annuity die with you	30	0	0	informational
can i change my pension annuity	30	0	0	informational
buy pension annuity uk	30	9.05	0	navigational
best pension annuity rates 2018	30	0	0	commercial
best pension annuity providers uk	30	17.32	0	commercial
annuity pension uk	30	9.36	55	navigational
50k pension pot annuity	30	1.95	0	commercial
500k pension pot annuity	30	1.46	0	commercial
100k pension pot annuity	30	2.18	0	commercial
what pension annuity calculator	20	4.27	0	informational
what is hypothetical annuity cost nhs pension	20	0	0	informational
what is annuity pension plan	20	5.81	0	informational
what is annuity in pension plan	20	5.81	0	informational
what is an annuity vs pension	20	0	0	informational
what happens to my annuity pension when i die	20	0	0	informational
what happens to a pension annuity when you die	20	6.89	0	informational
tax on annuity pension	20	4.11	0	informational
single life annuity pension	20	7.02	0	informational
private pension annuity	20	2.96	0	informational
pension wise annuity calculator gov	20	3.99	0	navigational
pension wise annuity	20	7.34	53	navigational
pension to annuity	20	0	7	informational
pension guaranteed annuity rates	20	4.24	9	informational
pension annuity taxation	20	4.11	0	informational
pension annuity taxable	20	4.11	0	informational
pension annuity tax	20	4.11	0	informational
pension annuity rates table	20	1.51	0	informational
pension annuity rates comparison	20	11.55	0	informational
pension annuity plans	20	8.43	1	informational
pension annuity plan	20	8.43	1	informational
pension annuity payments	20	4.37	0	informational
pension annuity options	20	0	0	informational
pension annuity mis-selling	20	0	0	informational
pension annuity mis selling	20	0	0	informational
pension annuity guarantee period	20	2.96	0	informational
pension annuity comparison uk	20	13.86	0	informational
pension annuity choices	20	0	0	navigational
pension annuity calculator money saving expert	20	0	0	informational
pension annuity advice	20	14.69	0	navigational
nhs pension annuity	20	7.66	0	navigational
mis sold pension annuity	20	0	0	informational
is pension drawdown better than an annuity	20	3.52	40	informational
is it worth buying a pension annuity	20	7.28	0	commercial
is annuity the same as pension	20	0	0	informational
is annuity a pension	20	0	0	informational
hypothetical annuity cost pension	20	0	0	informational
hypothetical annuity cost meaning pension	20	0	0	informational
how to buy an annuity pension	20	8.88	0	informational
how much pension annuity uk	20	1.89	0	informational
how much is a pension annuity	20	1.47	0	informational
how much does a pension annuity cost	20	2.4	0	informational
how long does a pension annuity last	20	4.1	0	informational
free annuity calculator uk gov pension	20	1.48	0	navigational
drawdown vs annuity pension	20	4.2	0	informational
drawdown v annuity pension	20	4.2	0	informational
cost of pension annuity	20	1.36	0	informational
compare the market pension annuity	20	24.79	0	navigational
can you cash in annuity pension	20	3.12	0	informational
can you cash in an annuity pension	20	3.12	0	informational
can i sell my pension annuity	20	0	0	navigational
can i sell my annuity pension	20	0	0	navigational
can i cash my annuity pension	20	3.73	0	informational
can i cash in my annuity pension	20	3.73	44	informational
can i buy an annuity without a pension	20	1.88	0	transactional
can i buy a pension annuity with savings	20	2.06	0	commercial
aviva annuity pension	20	9.38	0	informational
annuity pension taxable	20	4.11	0	informational
annuity pension scheme	20	8.43	0	navigational
annuity for pension plan	20	8.43	1	informational
400k pension pot annuity	20	1.4	0	commercial
300k pension pot annuity	20	0	0	commercial
250k pension pot annuity	20	1.46	0	commercial
100k pension annuity	20	2.4	0	navigational
