self-invested personal pension	33100	13.36	42	commercial
self invested personal pension	33100	13.36	42	commercial
sipp self invested personal pension	14800	13.06	27	commercial
sipp pension plan	14800	13.06	27	commercial
sipp pension	14800	13.06	27	navigational
pension sipp	14800	13.06	27	navigational
what is sipp pension	8100	5.61	29	informational
sipp pension calculator	2400	2.85	40	navigational
best sipp pension providers	2400	15.4	12	commercial
best sipp pension provider	2400	15.4	12	commercial
what is a sipp pension plan	1600	5.01	39	informational
what is a sipp pension	1600	5.01	42	informational
self-invested personal pension tax relief	1600	5.87	10	commercial
self invested personal pension tax relief	1600	5.87	6	commercial
sipp pension providers	1300	21.78	12	commercial
sipp uk pension	1000	12.81	29	navigational
sipp pension uk	1000	12.81	26	commercial
sipp pension investments	1000	10.7	27	commercial
best sipp pension providers uk	1000	14.62	16	commercial
best sipp pension provider uk	1000	14.62	16	commercial
sipp pension rules	880	5.96	27	informational
how does a sipp pension work	880	5.09	5	informational
sipp vs personal pension plan	720	9.43	7	informational
sipp vs personal pension	720	9.43	11	informational
sipp v personal pension	720	9.43	7	commercial
personal pension vs sipp	720	9.43	11	informational
barclays sipp pension	590	16.74	0	navigational
transferring pension to sipp	480	8.96	0	informational
transferring pension to a sipp	480	8.96	0	informational
transferring a pension to a sipp	480	8.96	0	informational
transfer pension to sipps	480	8.96	0	informational
transfer pension to sipp	480	8.96	0	commercial
transfer pension into sipp	480	8.96	5	informational
sipp vs workplace pension	480	3.72	0	commercial
sipp pension comparison	480	9.27	5	commercial
sipp pension commercial property	480	6.21	0	commercial
pension transfer to sipp	480	8.96	0	commercial
moving pension to sipp	480	8.96	5	commercial
move pension to sipp	480	8.96	0	commercial
sipp pension inheritance tax	390	4.14	0	commercial
mis-sold sipp pension	390	6.7	0	commercial
mis sold sipp pension	390	6.7	0	transactional
benefits of a sipp pension	390	6.57	7	informational
sipp pension providers uk	320	18.59	28	commercial
sipp pension drawdown	320	3.17	0	informational
sipp pension allowance	320	6.53	6	informational
sipp pension property	260	7.31	0	navigational
sipp pension contributions	260	7.34	27	informational
how to set up a sipp pension	260	16.05	28	informational
can i have a sipp and a workplace pension	260	11.12	0	commercial
what happens to my sipp pension when i die	210	0.89	0	commercial
sipp pension tax relief	210	8.56	5	commercial
pension sipp tax relief	210	8.56	5	commercial
best sipp pension	210	17.42	10	commercial
transfer workplace pension to sipp	170	9.07	0	commercial
sipp personal pension	170	13.2	27	commercial
should i transfer my pension to a sipp	170	7.14	9	commercial
can i transfer my pension to a sipp	170	7.14	0	commercial
can i transfer my pension into a sipp	170	7.14	0	informational
sipp pension meaning	140	7.24	24	informational
sipp pension drawdown rules	140	2.37	0	informational
difference between sipp and personal pension	140	17.69	12	informational
workplace pension vs sipp	110	21.95	6	commercial
vanguard sipp pension	110	8.27	4	commercial
transferring db pension to sipp	110	15.96	7	commercial
transfer defined benefit pension to sipp	110	15.96	0	commercial
transfer db pension to sipp	110	15.96	0	commercial
stakeholder pension vs sipp	110	50.47	5	informational
sipp vs stakeholder pension	110	50.47	5	informational
sipp pension property purchase	110	5.7	0	commercial
sipp pension inheritance	110	1.68	0	commercial
sipp or workplace pension	110	12.83	0	commercial
sipp vs pension	90	7.59	10	informational
sipp pension vanguard	90	11.28	4	commercial
sipp pension trustees ltd	90	0	0	commercial
sipp pension trustees limited	90	0	0	commercial
sipp pension scheme	90	14.14	33	navigational
sipp pension explained	90	8.55	27	informational
sipp pension claims	90	0	1	navigational
sipp pension claim	90	0	42	navigational
can you have a sipp and a workplace pension	90	6.99	0	informational
can i transfer my workplace pension to a sipp	90	4.15	0	commercial
what is a sipp pension uk	70	5.52	27	informational
transferring a final salary pension to a sipp	70	28.48	0	informational
transfer final salary pension to sipp	70	28.48	0	informational
transfer final salary pension into sipp	70	28.48	0	informational
sipp pension age	70	5.16	16	informational
sipp or personal pension	70	22.61	2	commercial
personal pension or sipp	70	22.61	10	commercial
limited company pension sipp	70	0	0	commercial
final salary pension transfer to sipp	70	28.48	0	commercial
aviva sipp pension	70	8.13	11	informational
what is sipp pension uk	50	6.94	27	informational
transfer personal pension to sipp	50	0	2	commercial
transfer nest pension to sipp	50	11.06	0	commercial
sipp vs workplace pension tax relief	50	0	0	commercial
sipp vs company pension	50	0	0	informational
sipp pension advisor	50	19.32	8	navigational
mis-sold pension sipp	50	0	0	commercial
mis sold pension sipp	50	0	0	commercial
is a sipp a registered pension scheme	50	21.78	4	informational
fidelity sipp pension	50	19.28	0	navigational
company pension vs sipp	50	0	0	informational
can i transfer workplace pension to sipp	50	50.63	0	commercial
can i have a sipp and company pension	50	0	45	commercial
can i have a sipp and a company pension	50	0	45	commercial
workplace pension or sipp	40	3.61	0	commercial
transfer work pension to sipp	40	4.74	0	commercial
transfer company pension to sipp	40	0	3	commercial
transfer company pension into sipp	40	0	3	commercial
sipp vs private pension	40	13.01	0	informational
sipp vs nhs pension	40	0	19	informational
sipp vs employer pension	40	0	0	informational
sipp and workplace pension	40	8.55	0	commercial
pension sipp calculator	40	2.95	40	navigational
nhs pension vs sipp	40	0	19	informational
moving workplace pension to sipp	40	27.57	0	commercial
is a sipp a defined contribution pension scheme	40	0	0	informational
how to transfer pension to sipp	40	12.01	0	informational
can you transfer workplace pension to sipp	40	0	0	commercial
can you have a sipp and workplace pension	40	0	0	informational
can you have a sipp and a company pension	40	0	10	informational
can i transfer my nhs pension to a sipp	40	16.45	0	commercial
can i transfer my nest pension to a sipp	40	10.4	0	commercial
can i have a workplace pension and a sipp	40	22.1	0	commercial
workplace pension sipp	30	6.67	9	commercial
when can i take my sipp pension	30	2.69	0	informational
what is a pension sipp	30	12.19	59	informational
vanguard pension sipp	30	10.39	4	commercial
transfer workplace pension to sipp reddit	30	0	0	commercial
transfer stakeholder pension to sipp	30	5.52	0	commercial
transfer nhs pension to sipp	30	22.39	0	commercial
tax relief on sipp pension contributions	30	8.11	0	informational
sipp workplace pension	30	6.67	0	commercial
sipp pension transfer	30	14.37	0	commercial
sipp pension tax relief calculator	30	4.92	3	commercial
sipp pension rules on death	30	0.08	0	informational
sipp pension mis-selling	30	0	0	commercial
sipp pension mis sold	30	0	0	transactional
sipp pension mis selling	30	0	0	commercial
sipp pension hargreaves lansdown	30	14.16	44	commercial
sipp pension government contribution	30	11.19	0	informational
sipp pension fund	30	13.93	0	navigational
sipp pension contributions tax relief	30	8.11	0	informational
sipp pension compensation	30	0	39	commercial
sipp pension calculator uk	30	1.92	0	navigational
sipp meaning pension	30	6.21	24	informational
private pension sipp	30	6.09	0	commercial
personal pension sipp	30	22.72	27	commercial
pension vs sipp	30	3	10	informational
pension sipp rules	30	0	27	informational
partial transfer workplace pension to sipp	30	0	0	commercial
nest pension vs sipp	30	0	0	informational
nest pension or sipp	30	0	0	commercial
is a sipp pension a good idea	30	12.27	0	informational
is a sipp a defined contribution pension	30	0	0	informational
how does sipp pension work	30	4.68	0	informational
can i transfer nest pension to sipp	30	0	0	commercial
can i transfer my work pension to a sipp	30	0	0	commercial
can i transfer my teachers pension to a sipp	30	3.78	0	commercial
can i transfer my final salary pension to a sipp	30	0	0	informational
can i transfer my final salary pension into a sipp	30	0	0	informational
can i move my pension to a sipp	30	7.79	0	commercial
best sipp pension uk	30	18.25	0	transactional
workplace pension to sipp	20	0	0	commercial
workplace pension and sipp	20	53.34	0	commercial
what does sipp pension stand for	20	0	0	informational
transfer sipp to workplace pension	20	0	0	commercial
transfer pension to vanguard sipp	20	3.59	0	commercial
transfer pension to aj bell sipp	20	12.88	0	commercial
transfer old workplace pension to sipp	20	6.69	0	commercial
ssas vs sipp pension	20	31.74	0	informational
ssas pension vs sipp	20	0	0	informational
sipp vs workplace pension reddit	20	0	0	informational
sipp pension withdrawal rules	20	6.3	0	informational
sipp pension what is it	20	4.48	0	informational
sipp pension tax	20	4.15	0	informational
sipp pension money saving expert	20	0	0	commercial
sipp pension ireland	20	9.24	0	commercial
sipp pension calculator gov uk	20	2.03	0	navigational
sipp pension advice	20	15.46	44	commercial
sipp or stakeholder pension	20	0	0	informational
sipp or ssas pension	20	2.96	0	informational
sipp and nhs pension	20	1.44	43	navigational
should i transfer my final salary pension to a sipp	20	0	0	informational
pension calculator sipp	20	1.16	40	navigational
partial pension transfer to sipp	20	0	0	commercial
nhs pension and sipp	20	1.49	0	navigational
new sipp pension rules	20	0.45	0	commercial
is a sipp a private pension	20	16.94	0	informational
difference between sipp and workplace pension	20	24.21	0	informational
cash sipp pension	20	9.71	0	informational
can i transfer my civil service pension to a sipp	20	9.17	0	commercial
can i transfer a workplace pension to a sipp	20	12.71	0	commercial
can i transfer a defined benefit pension to a sipp	20	8.1	0	informational
can i pay my state pension into a sipp	20	0	0	informational
can i move my pension into a sipp	20	6.68	0	informational
can i have sipp and workplace pension	20	0	0	commercial
best pension sipp	20	13.32	10	commercial
what is sipp pension scheme	10	6.27	0	informational
sipp pension how it works	10	5.46	0	commercial
sipp and company pension	10	0	0	commercial
ig sipp pension	10	14.72	0	navigational
cheapest sipp pension	10	6.33	0	commercial
can i transfer sipp to work pension	10	0	0	commercial
