smart pension auto enrolment	33100	5.83	10	commercial
auto enrolment smart pension	33100	5.83	4	navigational
workplace pension	5400	7.74	52	navigational
pension scheme workplace	5400	7.74	31	navigational
pension scheme employer contributions	5400	7.45	19	informational
pension in workplace	5400	7.74	31	navigational
pension in the workplace	5400	7.74	52	commercial
pension employer contributions	5400	7.45	9	informational
pension contributions from employer	5400	7.45	9	informational
pension contributions employer	5400	7.45	9	informational
pension contributions by employer	5400	7.45	9	informational
employers pension contributions	5400	7.45	10	informational
employer's pension contributions	5400	7.45	7	informational
employer pension contributions	5400	7.45	9	informational
employer contributions pension	5400	7.45	5	informational
pension scheme auto enrolment	4400	15.91	26	navigational
pension auto-enrolment	4400	15.91	27	informational
pension auto enrolment	4400	15.91	26	navigational
auto-enrolment pension	4400	15.91	27	informational
auto enrolment to pension scheme	4400	15.91	26	navigational
auto enrolment pension	4400	15.91	27	informational
workplace pension aviva	1900	4.83	0	navigational
aviva workplace pension	1900	4.83	0	navigational
aviva pension workplace	1900	4.83	0	navigational
workplace pension legal and general	1600	3.76	33	commercial
nhs pension scheme employer contributions	1600	0	0	informational
nhs pension employer contributions	1600	0	0	informational
nhs pension employer contribution	1600	0	0	informational
nhs pension contributions employer	1600	0	0	informational
minimum employer pension contributions	1600	0.14	7	informational
legal general workplace pension	1600	3.76	29	commercial
legal and general workplace pension	1600	3.76	33	commercial
employer pension contributions minimum	1600	0.14	5	informational
employer contribution nhs pension	1600	0	1	informational
workplace pension scheme calculator	1000	2.28	16	navigational
workplace pension calculator	1000	2.28	26	navigational
when does workplace pension start	1000	0	31	informational
when did workplace pension start	1000	0	13	informational
when did the workplace pension start	1000	0	11	informational
pension calculator workplace	1000	2.28	25	navigational
workplace pension scheme contributions	880	16	43	informational
workplace pension contributions	880	16	23	informational
workplace pension contribution	880	16	20	informational
legal and general workplace pension login	880	3.08	39	navigational
disadvantages of workplace pension	880	2.43	0	informational
workplace pension schemes	720	8.25	31	navigational
workplace pension scheme	720	8.25	31	navigational
uk employer pension contributions	720	15.63	8	informational
pension calculator employer contributions	720	2	17	informational
nhs employers pension contribution	720	0	0	informational
nhs employer pension contributions	720	0	3	informational
employers pension contributions calculator	720	2	20	informational
employer pension contributions uk	720	15.63	7	informational
employer pension contributions calculator	720	2	23	informational
aviva workplace pension login	720	0	20	navigational
workplace pension scheme rules	590	4.01	26	navigational
workplace pension scheme providers	590	6.4	31	navigational
workplace pension rules	590	4.01	26	commercial
workplace pension providers	590	6.4	31	commercial
workplace pension provider	590	6.4	31	commercial
what is workplace pension scheme	590	6.81	29	informational
what is workplace pension	590	6.81	20	navigational
what is the workplace pension scheme	590	6.81	30	informational
what is the workplace pension	590	6.81	17	informational
what is a workplace pension scheme	590	6.81	30	informational
what is a workplace pension	590	6.81	17	informational
workplace pension scheme nest	480	3.09	6	navigational
workplace pension nest	480	3.09	8	commercial
threshold for pension auto enrolment	480	0	4	commercial
teachers pension employer contributions	480	0	0	informational
teacher pension employer contributions	480	0	0	informational
sipp vs workplace pension	480	3.72	0	commercial
pension workplace	480	4.46	31	navigational
pension threshold for auto enrolment	480	0	9	commercial
pension auto-enrolment threshold	480	0	11	commercial
pension auto enrolment thresholds	480	0	7	commercial
pension auto enrolment threshold	480	0	9	commercial
nest workplace pension scheme	480	3.09	3	navigational
nest workplace pension	480	3.09	8	commercial
local government pension scheme employer contributions	480	0	0	informational
how do i claim my workplace pension	480	3.93	16	commercial
auto-enrolment pension threshold	480	0	0	commercial
auto enrolment pension thresholds	480	0	0	commercial
auto enrolment pension threshold	480	0	0	commercial
workplace pension how does it work	390	8.6	30	commercial
tax relief on employers pension contributions	390	14.11	0	informational
tax relief on employer pension contributions	390	14.11	3	informational
tax relief employer pension contributions	390	14.11	0	informational
pension tax relief on employer contributions	390	14.11	0	informational
pension tax relief employer contributions	390	14.11	0	informational
pension employer contribution tax relief	390	14.11	0	informational
maximum pension contributions by employer	390	0.12	6	informational
maximum employer pension contributions	390	0.12	0	informational
how does workplace pension work	390	8.6	20	informational
how does the workplace pension work	390	8.6	20	informational
how does a workplace pension work	390	8.6	20	informational
fidelity workplace pension	390	3.48	66	navigational
employer tax relief on pension contributions	390	14.11	0	informational
employer pension contributions tax relief	390	14.11	3	informational
employer pension contributions maximum	390	0.12	0	informational
employer pension contributions and tax relief	390	14.11	0	informational
employer pension contribution tax relief	390	14.11	0	informational
civil service pension employer contributions	390	0	0	informational
civil service employer pension contributions	390	0	0	informational
can i withdraw my workplace pension	390	2.8	0	commercial
workplace pension uk	320	4.84	37	navigational
uk workplace pension	320	4.84	38	navigational
uk pension auto enrolment	320	4.33	27	informational
uk auto enrolment pension	320	4.33	30	informational
pension rates auto enrolment	320	0	5	informational
pension auto-enrolment uk	320	4.33	27	informational
pension auto-enrolment rules	320	0	26	informational
pension auto-enrolment rates	320	0	6	informational
pension auto-enrolment contributions	320	0	20	informational
pension auto enrolment uk	320	4.33	27	commercial
pension auto enrolment rules	320	0	26	informational
pension auto enrolment rates	320	0	3	informational
pension auto enrolment contributions	320	0	14	informational
best workplace pension providers uk	320	3.77	12	commercial
best workplace pension provider uk	320	3.77	8	commercial
auto-enrolment pension uk	320	4.33	42	informational
auto-enrolment pension rates	320	0	8	informational
auto-enrolment pension contributions	320	0	19	informational
auto enrolment uk pension	320	4.33	28	informational
auto enrolment pension uk	320	4.33	42	commercial
auto enrolment pension rules	320	0	26	informational
auto enrolment pension rates	320	0	5	informational
auto enrolment pension contributions	320	0	19	informational
workplace pension scheme opt out	260	1.1	2	navigational
workplace pension opting out	260	1.1	2	commercial
workplace pension opt out	260	1.1	2	commercial
workplace pension how to opt out	260	1.1	7	informational
workplace pension age	260	0	11	informational
when does pension auto-enrolment start	260	0	12	informational
when does pension auto enrolment start	260	0	12	informational
when did pension auto-enrolment start	260	0	7	informational
when did pension auto enrolment start	260	0	14	informational
pension auto-enrolment age	260	0	8	informational
pension auto enrolment age	260	0	8	informational
opt out workplace pension	260	1.1	2	commercial
opt out of workplace pension	260	1.1	2	commercial
my workplace pension	260	3.53	36	navigational
can i withdraw my workplace pension early	260	6.16	0	commercial
can i have a sipp and a workplace pension	260	11.12	0	commercial
auto-enrolment pension age	260	0	7	informational
auto enrolment pension age	260	0	8	informational
age for workplace pension	260	0	9	commercial
age for auto enrolment pension	260	0	1	informational
aegon workplace pension	260	0	0	commercial
workplace pension standard life	210	0	2	commercial
workplace pension scheme minimum contributions	210	0	1	informational
workplace pension minimum contributions	210	0	6	informational
workplace pension minimum contribution	210	0	3	informational
workplace pension can you opt out	210	0	6	informational
standard life workplace pension scheme	210	0	2	commercial
standard life workplace pension	210	0	2	commercial
royal london workplace pension	210	7.17	8	commercial
l&g workplace pension	210	11.34	29	commercial
is a workplace pension a private pension	210	0	16	informational
can you opt out of workplace pension	210	0	2	informational
can you opt out of a workplace pension	210	0	2	informational
workplace pension tax relief	170	4.91	10	commercial
workplace pension set up	170	16.32	18	commercial
workplace pension contributions calculator	170	4.88	25	informational
workplace pension contribution calculator	170	4.88	25	informational
what is pension auto enrolment	170	0	26	informational
what is auto enrolment pension	170	0	26	informational
what happens to my workplace pension when i die	170	0	0	commercial
transfer workplace pension to sipp	170	9.07	0	commercial
tax relief workplace pension	170	4.91	10	commercial
tax relief on workplace pension	170	4.91	10	commercial
setting up workplace pension	170	16.32	18	commercial
setting up a workplace pension	170	16.32	18	commercial
set up workplace pension scheme	170	16.32	27	navigational
set up workplace pension	170	16.32	18	commercial
set up a workplace pension	170	16.32	18	commercial
pension calculator auto enrolment	170	1.81	22	navigational
pension auto-enrolment start date	170	0	8	informational
pension auto enrolment start date	170	0	8	commercial
pension auto enrolment calculator	170	1.81	23	navigational
calculating workplace pension contributions	170	4.88	18	informational
best workplace pension	170	3.28	11	commercial
auto-enrolment pension calculator	170	1.81	26	informational
auto enrolment pension nest	170	5.5	0	commercial
auto enrolment pension calculator	170	1.81	25	navigational
workplace pension minimum employer contribution	140	11.77	5	informational
workplace pension login	140	3.4	36	navigational
workplace pension log in	140	3.4	36	navigational
workplace pension employers contribution	140	11.77	7	informational
workplace pension employer contributions	140	11.77	8	informational
workplace pension can i opt out	140	0	8	commercial
workplace pension automatic enrolment	140	4.8	31	commercial
workplace pension auto-enrolment	140	4.8	29	commercial
workplace pension auto enrolment	140	4.8	29	commercial
list of workplace pension providers uk	140	4.95	29	commercial
how to set up workplace pension scheme	140	10.05	15	informational
how to set up workplace pension	140	10.05	30	informational
how to set up a workplace pension scheme	140	10.05	15	informational
how to set up a workplace pension	140	10.05	15	commercial
how do i set up a workplace pension	140	10.05	15	commercial
employer workplace pension contributions	140	11.77	20	informational
check my workplace pension	140	3.69	44	navigational
can i opt out of workplace pension	140	0	2	commercial
can i cash in my workplace pension at 55	140	1.51	1	commercial
aviva my workplace pension	140	0	4	navigational
auto enrolment workplace pension	140	4.8	27	commercial
workplace pension vs state pension	110	0	8	informational
workplace pension vs sipp	110	21.95	6	commercial
workplace pension vs private pension	110	19.83	8	informational
workplace pension thresholds	110	0	20	commercial
workplace pension threshold	110	0	20	commercial
workplace pension the law	110	0	29	commercial
workplace pension start date	110	0	13	commercial
workplace pension scheme start dates	110	0	20	commercial
workplace pension scheme law	110	0	29	navigational
workplace pension scheme employer	110	9.95	31	navigational
workplace pension scheme eligibility	110	0	26	navigational
workplace pension legislation	110	0	32	navigational
workplace pension laws	110	0	31	navigational
workplace pension law	110	0	29	navigational
workplace pension gov uk	110	5.03	31	navigational
workplace pension gov	110	5.03	52	navigational
workplace pension for employers	110	9.95	21	commercial
workplace pension employers	110	9.95	31	commercial
workplace pension employer	110	9.95	31	commercial
workplace pension eligibility	110	0	26	navigational
workplace pension direct	110	0	36	navigational
when did auto enrolment pension start	110	0	13	informational
what year did workplace pension start	110	0	7	informational
threshold for workplace pension	110	0	21	commercial
state pension vs workplace pension	110	0	10	informational
sipp or workplace pension	110	12.83	0	commercial
private pension vs workplace pension	110	19.83	8	informational
pension auto-enrolment opt out	110	0	11	informational
pension auto enrolment opt out	110	0	5	commercial
pension auto enrolment minimum contributions	110	0	7	informational
options workplace pension trust	110	0	0	commercial
opt out of pension auto enrolment	110	0	6	informational
how to opt out of workplace pension	110	0	2	informational
how to opt out of a workplace pension	110	0	2	informational
how do i opt out of workplace pension	110	0	2	informational
how do i claim my workplace pension when i retire	110	0	16	informational
find workplace pension	110	2.5	25	navigational
employers workplace pension	110	9.95	35	commercial
employer workplace pension	110	9.95	31	navigational
eligibility for workplace pension	110	0	31	commercial
can you transfer a workplace pension to a private pension	110	2.96	0	informational
best workplace pension scheme providers	110	6.37	3	commercial
best workplace pension providers	110	6.37	12	commercial
best workplace pension provider	110	6.37	12	commercial
auto-enrolment pension minimum contributions	110	0	0	informational
auto enrolment pension opt out	110	0	2	commercial
auto enrolment pension minimum contributions	110	0	0	informational
workplace pension small business	90	19.64	12	commercial
workplace pension scheme percentage	90	0	10	informational
workplace pension scheme for small businesses	90	19.64	29	commercial
workplace pension qualifying earnings	90	0	13	informational
workplace pension providers uk	90	4.23	33	commercial
workplace pension provider uk	90	4.23	31	navigational
workplace pension percentage	90	0	20	informational
workplace pension is it worth it	90	0.6	4	commercial
workplace pension for small businesses	90	19.64	12	commercial
workplace pension calculator uk	90	1.16	25	navigational
uk workplace pension providers	90	4.23	29	commercial
the lewis workplace pension trust	90	0	0	navigational
teachers pension contributions employer	90	0	1	informational
teachers employer pension contributions	90	0	0	informational
small business workplace pension	90	19.64	12	commercial
qualifying earnings workplace pension	90	0	3	informational
qualifying earnings for workplace pension	90	0	3	informational
pension regulator auto enrolment	90	0	26	commercial
pension auto enrolment scheme	90	0	26	navigational
pension auto enrolment requirements	90	0	26	informational
pension auto enrolment criteria	90	0	10	informational
options workplace pension	90	5.62	31	commercial
legal and general workplace pension contact number	90	0	10	commercial
is workplace pension worth it	90	0.6	8	commercial
is the workplace pension worth it	90	0.6	8	commercial
is a workplace pension worth it	90	0.6	8	commercial
how to transfer pension contribution from previous employer	90	6.58	5	informational
how do i find my workplace pension	90	2.11	33	informational
government workplace pension	90	3.38	36	navigational
fidelity workplace pension login	90	0	64	navigational
do i get tax relief on employer pension contributions	90	0	2	informational
do employers get tax relief on pension contributions	90	0	2	informational
do employer pension contributions get tax relief	90	0	2	informational
can you have a sipp and a workplace pension	90	6.99	0	informational
can i transfer my workplace pension to a sipp	90	4.15	0	commercial
aviva workplace pension contact number	90	4.92	8	informational
auto-enrolment pension scheme	90	0	26	informational
auto enrolment pension schemes	90	0	33	informational
auto enrolment pension scheme	90	0	26	navigational
auto enrolment pension regulator	90	0	39	transactional
auto enrolment pension ireland	90	1.66	0	commercial
auto enrolment pension criteria	90	0	26	informational
auto enrolment into pension scheme	90	0	26	navigational
workplace pension vs personal pension	70	0	10	informational
workplace pension transfer	70	10.96	0	commercial
workplace pension companies	70	5.01	39	navigational
workplace pension calculator gov uk	70	0.97	40	navigational
when can i take my workplace pension	70	1.56	4	informational
transfer workplace pension	70	10.96	0	commercial
the options workplace pension trust	70	11.63	0	commercial
teachers pension employer portal	70	0	0	navigational
standard life workplace pension login	70	0	20	navigational
royal london workplace pension login	70	0	23	navigational
personal pension vs workplace pension	70	0	3	informational
pension auto-enrolment ireland	70	0	0	informational
pension auto enrolment percentages	70	0	4	informational
pension auto enrolment ireland	70	0	0	commercial
pension auto enrolment eligibility	70	0	26	informational
is workplace pension mandatory	70	0	31	informational
is workplace pension compulsory	70	0	31	informational
is a workplace pension compulsory	70	0	31	informational
how to check my workplace pension	70	3.74	29	navigational
how do i check my workplace pension	70	3.74	33	navigational
eligibility for pension auto enrolment	70	0	16	informational
eligibility for auto enrolment pension	70	0	26	informational
do you get tax relief on employer pension contributions	70	0	8	informational
can i move my workplace pension to another provider	70	7.44	0	commercial
auto enrolment pension percentages	70	0	1	informational
auto enrolment pension percentage	70	0	1	informational
auto enrolment pension eligibility	70	0	11	informational
workplace pension scheme rates	50	0	14	navigational
workplace pension rates	50	0	14	navigational
workplace pension employer rules	50	0	26	commercial
when was pension auto enrolment introduced	50	0	18	informational
sipp vs workplace pension tax relief	50	0	0	commercial
salary sacrifice pension vs auto-enrolment	50	0	0	informational
salary sacrifice pension vs auto enrolment	50	0	0	informational
qualifying earnings for pension auto enrolment	50	0	6	informational
pension auto enrolment qualifying earnings	50	0	9	informational
pension auto enrolment dates	50	0	10	informational
pension auto enrolment date	50	0	10	informational
pension auto enrolment contributions calculator	50	0	20	informational
maximum workplace pension contribution	50	0.17	13	informational
list of workplace pension providers uk gov uk	50	2.36	46	navigational
how to find my workplace pension	50	1.65	24	informational
how much is auto enrolment pension	50	0	0	commercial
can i transfer workplace pension to sipp	50	50.63	0	commercial
calculating auto enrolment pension contributions	50	0	20	informational
calculate auto-enrolment pension contributions	50	0	0	informational
auto-enrolment pension start date	50	0	8	informational
auto-enrolment pension contributions calculator	50	0	0	informational
auto enrolment pension start date	50	0	8	informational
auto enrolment pension scheme providers	50	8.21	0	navigational
auto enrolment pension qualifying earnings	50	0	9	informational
auto enrolment pension providers	50	8.21	31	commercial
auto enrolment pension contributions calculator	50	0	20	informational
auto enrolment pension contribution calculator	50	0	20	informational
workplace pension or sipp	40	3.61	0	commercial
what is the auto enrolment pension percentage	40	0	0	informational
sipp vs employer pension	40	0	0	informational
sipp and workplace pension	40	8.55	0	commercial
postponement of pension auto enrolment	40	0	42	informational
pension auto enrolment postponement	40	0	42	commercial
pension auto enrolment minimum employer contributions	40	0	0	informational
pension auto enrolment employer contributions	40	0	0	informational
nhs pension scheme auto enrolment	40	0	0	navigational
nhs pension auto enrolment	40	0	42	navigational
nest pension auto enrolment	40	0	0	commercial
moving workplace pension to sipp	40	27.57	0	commercial
employer pension contributions auto enrolment	40	0	0	informational
can you transfer workplace pension to sipp	40	0	0	commercial
can you have a sipp and workplace pension	40	0	0	informational
can i have a workplace pension and a sipp	40	22.1	0	commercial
auto-enrolment pension employer contributions	40	0	0	informational
auto enrolment pension postponement	40	0	42	commercial
auto enrolment pension employer contributions	40	0	0	informational
workplace pension sipp	30	6.67	9	commercial
when did pension auto enrolment start uk	30	0	0	informational
transfer workplace pension to sipp reddit	30	0	0	commercial
sipp workplace pension	30	6.67	0	commercial
pension contribution auto enrolment	30	0	19	informational
pension auto enrolment staging date	30	0	9	commercial
partial transfer workplace pension to sipp	30	0	0	commercial
how to opt out of pension auto enrolment	30	0	0	informational
how do i opt out of auto enrolment pension	30	0	0	informational
government auto enrolment pension scheme	30	0.97	61	navigational
can you opt out of auto enrolment pension	30	0	0	informational
aviva pension auto enrolment	30	0	0	commercial
aviva auto enrolment pension	30	0	0	informational
auto enrolment pension when did it start	30	0	0	informational
auto enrolment pension staging dates	30	0	9	commercial
auto enrolment pension staging date	30	0	9	informational
auto enrolment government pension scheme	30	0.97	0	navigational
workplace pensions scotland	20	0	43	navigational
workplace pension to sipp	20	0	0	commercial
workplace pension and sipp	20	53.34	0	commercial
when did uk pension auto enrolment start	20	0	0	informational
what is an auto enrolment pension	20	0	26	informational
uk pension auto enrolment minimum contributions	20	0	0	informational
uk auto enrolment pension rates	20	0	0	informational
transfer sipp to workplace pension	20	0	0	commercial
transfer old workplace pension to sipp	20	6.69	0	commercial
sipp vs workplace pension reddit	20	0	0	informational
setting up auto enrolment pension scheme	20	0	0	informational
people's pension auto-enrolment	20	0	43	informational
people's pension auto enrolment	20	0	43	commercial
pension auto enrolment opt out rules	20	0	0	commercial
pension auto enrolment minimum earnings	20	0	0	informational
pension auto enrolment limits	20	0	0	informational
pension auto enrolment legislation	20	0	0	navigational
pension auto enrolment contribution rates	20	0	0	informational
nest pension auto enrolment criteria	20	0	0	commercial
minimum earnings for pension auto enrolment	20	0	0	informational
martin lewis pension auto enrolment warning	20	0	0	commercial
is pension auto enrolment compulsory	20	0	0	informational
is nhs pension salary sacrifice or auto enrolment	20	0	0	informational
is nhs pension auto-enrolment	20	0	0	informational
is nhs pension auto enrolment or employer	20	0	0	informational
is nhs pension auto enrolment	20	0	0	informational
is auto enrolment pension deducted before tax	20	0	0	informational
how to calculate pension contributions for auto enrolment	20	0	0	informational
how to calculate auto enrolment pension contributions	20	0	44	informational
difference between sipp and workplace pension	20	24.21	0	informational
difference between auto enrolment and employer pension	20	0	0	informational
creative auto enrolment pension	20	0	0	commercial
can i transfer a workplace pension to a sipp	20	12.71	0	commercial
can i opt out of pension auto enrolment	20	0	0	informational
can i opt out of auto enrolment pension	20	0	0	commercial
can i have sipp and workplace pension	20	0	0	commercial
best pension schemes for auto enrolment	20	7.52	0	informational
best pension providers for auto enrolment	20	7.39	0	commercial
best auto-enrolment pension scheme	20	7.52	0	informational
best auto enrolment pension schemes	20	7.52	0	informational
best auto enrolment pension scheme	20	7.52	0	informational
best auto enrolment pension providers	20	7.39	43	commercial
best auto enrolment pension provider	20	7.39	43	commercial
best auto enrolment pension	20	7.52	0	commercial
auto-enrolment pension contributions 2025/26	20	0	0	informational
auto enrolment pension threshold 2025/26	20	0	0	transactional
auto enrolment pension requirements	20	0	26	informational
auto enrolment pension limits	20	0	0	informational
auto enrolment pension legislation	20	0	38	navigational
auto enrolment pension contributions 2025/26	20	0	0	informational
auto enrolment pension contribution rates	20	0	0	informational
age for pension auto enrolment	20	0	8	informational
workplace pension auto enrolment dates	10	0	0	commercial
workplace pension 5	10	0	0	commercial
when did auto enrolment for pension start	10	0	14	informational
what is an auto enrolment pension scheme	10	0	0	informational
uk pension auto enrolment opt out	10	0	0	commercial
template letters for pension auto enrolment	10	0	0	commercial
pension eligibility auto enrolment	10	0	26	informational
pension auto-enrolment self-employed	10	0	0	commercial
pension auto-enrolment ireland start date	10	0	0	informational
pension auto enrolment when did it start	10	0	0	informational
pension auto enrolment webinar	10	0	0	commercial
pension auto enrolment small employers	10	0	0	commercial
pension auto enrolment rates 2021/22	10	0	55	commercial
pension auto enrolment postponement letter	10	0	0	commercial
pension auto enrolment hmrc	10	0	0	commercial
pension auto enrolment declaration of compliance	10	0	0	commercial
pension auto enrolment age rules	10	0	0	informational
new auto enrolment pension rates	10	0	0	informational
myaviva workplace pension	10	0	0	commercial
multiemployer pension plan	10	0	0	navigational
how much will my auto enrolment pension be worth	10	0	0	commercial
automatic enrolment into a workplace pension	10	0	0	commercial
auto-enrolment vs private pension	10	0	0	informational
auto-enrolment pension changes	10	0	0	informational
auto enrolment reaching state pension age	10	0	0	informational
auto enrolment pension ireland calculator	10	0	0	commercial
auto enrolment pension eligibility uk	10	0	0	informational
auto enrolment pension contributions tax relief	10	0	0	informational
auto enrolment pension contributions during sick leave	10	0	0	informational
auto enrolment pension contributions 2024/25	10	0	0	informational
auto enrolment pension contributions 2023/24	10	0	22	informational
auto enrolment over state pension age	10	0	24	informational
auto enrolment compliant pension schemes	10	0	0	navigational
auto enrolment and employer pension	10	0	0	commercial
