pension final salary	3600	4.54	5	informational
final salary scheme pension	3600	4.54	8	informational
final salary pension plan	3600	4.54	0	informational
final salary pension	3600	4.54	5	informational
work out final salary pension	1900	2.18	23	informational
what is final salary pension scheme	1900	2.68	8	informational
what is final salary pension	1900	2.68	5	informational
what is a final salary pension	1900	2.68	3	informational
pension calculator final salary	1900	2.18	26	informational
final salary scheme pension calculator	1900	2.18	24	informational
final salary pension scheme calculator	1900	2.18	23	informational
final salary pension calculator	1900	2.18	32	informational
final salary pension calculation	1900	2.18	8	informational
calculate final salary pension	1900	2.18	9	informational
transfer of defined benefit pension	880	19.66	0	informational
transfer defined benefit pension	880	19.66	0	informational
transfer db pension	880	19.66	0	informational
pension transfer from defined benefit	880	19.66	0	informational
defined benefits pension transfer	880	19.66	0	informational
defined benefit pension transfer	880	19.66	0	informational
defined benefit pension calculator	880	2.06	20	informational
db pension transfer	880	19.66	0	informational
how does final salary pension work	720	0.96	1	informational
how does a final salary pension work	720	0.96	1	informational
how does a final salary pension scheme work	720	0.96	1	informational
transferring final salary pension	590	14.38	0	informational
transferring a final salary pension	590	14.38	0	informational
transfer of final salary pension	590	14.38	0	informational
transfer from final salary pension	590	14.38	0	informational
transfer final salary pension	590	14.38	0	informational
transfer a final salary pension	590	14.38	0	informational
final salary pension transfers	590	14.38	0	informational
final salary pension transfer	590	14.38	0	informational
defined benefit pension transfer advice	480	30.68	0	informational
db pension transfer advice	480	30.68	0	informational
what does final salary pension scheme mean	390	1.83	0	informational
what does final salary pension mean	390	1.83	3	informational
final salary pension meaning	390	2.07	0	informational
final salary pension definition	390	2.07	6	informational
final salary pension schemes	320	3.07	1	informational
final salary pension scheme	320	3.07	8	informational
final salary pension example	320	1.51	0	informational
final salary pension calculator uk	260	2.12	32	informational
nhs pension final salary	210	0	0	informational
nhs final salary pension scheme	210	0	6	informational
nhs final salary pension	210	0	7	informational
how to work out final salary pension	210	1.95	0	informational
how to calculate final salary pension	210	1.95	1	informational
how is final salary pension calculated	210	1.95	1	informational
hbos final salary pension scheme	210	0.76	0	informational
hbos final salary pension	210	0.76	0	informational
final salary pension nhs	210	0	7	navigational
transfer value of defined benefit pension	170	4.59	0	informational
transfer a defined benefit pension	170	9.9	0	informational
final salary pension lump sum advice	170	2.76	0	informational
defined benefit pension transfer values	170	4.59	0	informational
defined benefit pension transfer value	170	4.59	3	informational
db pension transfer values	170	4.59	0	informational
db pension transfer value	170	4.59	0	informational
uk companies with final salary pension schemes list	140	4.6	4	informational
transfer value of final salary pension	140	1.13	0	informational
transfer value of a final salary pension	140	1.13	0	informational
nhs pension final salary calculation	140	0	2	informational
nhs final salary pension calculator	140	0	7	informational
final salary pension transfer values	140	1.13	0	informational
final salary pension transfer value	140	1.13	0	informational
final salary pension scheme transfer value	140	1.13	0	informational
final salary pension calculator nhs	140	0	0	navigational
final salary pension advice	140	17.53	0	informational
defined benefit pension transfer specialists	140	39.23	0	navigational
what is a final salary pension scheme	110	3.34	5	informational
transferring db pension to sipp	110	15.96	7	commercial
transfer value of defined benefit pension calculator	110	3.59	1	informational
transfer defined benefit pension to sipp	110	15.96	0	commercial
transfer db pension to sipp	110	15.96	0	commercial
teachers pension final salary or career average	110	0	0	informational
teachers pension final salary	110	0	0	informational
should i transfer my final salary pension	110	3.63	0	informational
pension lump sum calculator final salary	110	2.15	6	informational
frozen final salary pension calculator	110	1.67	5	informational
final salary teachers pension	110	0	0	informational
final salary pension transfer value calculator	110	4.23	0	informational
final salary pension transfer advice	110	39.46	0	informational
final salary pension teachers	110	0	0	informational
final salary pension lump sum calculator	110	2.15	6	informational
final salary pension calculator lump sum	110	2.15	9	informational
defined benefit pension transfer value calculator	110	3.59	1	informational
calculate final salary pension transfer value	110	4.23	0	informational
whats a final salary pension	90	0	5	informational
is nhs pension final salary	90	0	5	informational
fixed fee final salary pension transfer advice	90	10.95	0	informational
final salary pension calculator gov uk	90	0.83	17	informational
does a deferred final salary pension increase in value	90	0	0	informational
career average pension vs final salary	90	1.7	0	informational
can i take my final salary pension at 55	90	2.29	0	informational
transferring a final salary pension to a sipp	70	28.48	0	informational
transfer final salary pension to sipp	70	28.48	0	informational
transfer final salary pension into sipp	70	28.48	0	informational
tfl final salary pension scheme	70	0	0	informational
tfl final salary pension	70	0	0	informational
teachers final salary pension scheme	70	0	3	informational
teachers final salary pension	70	0	0	informational
mis-sold final salary pension	70	0	0	informational
mis sold final salary pension	70	0	0	informational
jobs with final salary pension	70	0	0	informational
how much is my final salary pension worth	70	1.46	7	commercial
final salary pension transfer to sipp	70	28.48	0	commercial
final salary pension lump sum	70	3.44	0	informational
final salary pension jobs	70	0	0	informational
civil service pension final salary	70	0	0	informational
civil service final salary pension	70	0	2	informational
civil service defined benefit pension scheme	70	0	6	informational
civil service defined benefit pension	70	0	4	informational
what is a final salary pension calculator	50	2.76	19	informational
transfer final salary pension to personal pension	50	6.66	0	informational
nhs 1995 pension final salary calculator	50	0	3	informational
is a defined benefit pension the same as final salary	50	2.31	9	informational
financial advice final salary pension	50	67.61	0	informational
final salary pension uk	50	2.95	30	informational
final salary pension transfer specialists	50	5.65	24	navigational
final salary pension transfer specialist	50	5.65	24	informational
final salary pension scheme uk	50	2.95	0	informational
final salary pension explained	50	2.29	8	informational
explain final salary pension	50	2.29	0	informational
do teachers get final salary pension	50	0	0	informational
deferred final salary pension calculator	50	0	31	informational
advice on final salary pension transfer	50	0	0	informational
what is a final salary pension uk	40	2.59	4	informational
tesco final salary pension scheme	40	0	0	informational
sell my final salary pension calculator	40	2.26	0	informational
is a final salary pension good	40	1.63	0	informational
how much is final salary pension worth	40	0	0	informational
how much is a final salary pension worth	40	0	0	informational
how is a final salary pension calculated	40	2.56	1	informational
hbos final salary pension scheme willis towers watson	40	0	0	informational
hbos final salary pension scheme login	40	0	0	informational
final salary pension transfer advisors	40	0	42	informational
final salary pension transfer advice cost	40	0	0	informational
final salary pension divorce settlement	40	2.47	9	informational
final salary pension cash in	40	14.05	6	informational
cashing in final salary pension scheme	40	14.05	5	informational
cashing in final salary pension	40	14.05	6	informational
cashing in a final salary pension	40	14.05	4	informational
cash in final salary pension	40	14.05	6	informational
arla foods final salary pension scheme	40	0	0	informational
xerox final salary pension scheme	30	17.33	0	informational
value of final salary pension	30	0	0	informational
uss pension final salary	30	0	0	informational
uss final salary pension	30	0	0	informational
should i cash in my final salary pension	30	1.7	24	informational
selling final salary pension	30	0	44	informational
selling a final salary pension	30	0	44	informational
sell final salary pension	30	0	44	informational
royal mail final salary pension	30	0	15	informational
rbs final salary pension scheme	30	0	14	informational
rbs final salary pension	30	0	0	informational
kingfisher final salary pension	30	10.31	8	informational
is final salary pension same as defined benefit	30	9.48	9	informational
is civil service pension final salary	30	0	0	informational
final salary teachers pension calculator	30	2.92	0	informational
final salary pension vs defined contribution	30	0	54	informational
final salary pension value	30	0	0	informational
final salary pension valuation	30	0	0	informational
final salary pension tax-free lump sum	30	1.34	0	informational
final salary pension tax free lump sum	30	1.34	0	informational
final salary pension lump sum tax-free	30	1.34	0	informational
final salary pension lump sum tax free	30	1.34	0	informational
final salary pension compensation	30	0	0	informational
final salary pension advisors near me	30	0	0	navigational
does a frozen final salary pension still grow	30	1.83	5	informational
does a final salary pension die with you	30	0	0	informational
defined benefit pension inheritance tax	30	0	0	informational
defined benefit pension final salary	30	0	0	informational
career average pension vs final salary calculator	30	0	0	informational
care pension vs final salary	30	7.38	43	informational
can i transfer my final salary pension to a sipp	30	0	0	informational
can i transfer my final salary pension into a sipp	30	0	0	informational
what happens to my final salary pension when i die	20	0	0	informational
what happens to final salary pension on death	20	0	44	informational
uk companies with final salary pension schemes list pdf	20	0	0	informational
state pension deduction final salary	20	0	45	informational
should i transfer my final salary pension to a sipp	20	0	0	informational
should i take my final salary pension early	20	2.31	0	informational
sainsburys final salary pension scheme	20	0	0	informational
sainsbury's final salary pension	20	0	24	informational
nhs final salary pension 1995	20	0	4	informational
nhs 1995 pension final salary	20	0	0	informational
natwest final salary pension scheme	20	0	44	informational
lloyds final salary pension	20	0	0	informational
kingfisher final salary pension co uk	20	0	0	informational
is teachers pension final salary	20	0	0	informational
is nhs pension a final salary scheme	20	0	0	informational
is nhs final salary pension	20	0	0	informational
is final salary pension good	20	0	0	informational
how to value a final salary pension	20	0	0	informational
how long does a final salary pension last	20	0	0	informational
halifax final salary pension scheme	20	0	0	informational
final salary vs career average pension	20	0	0	informational
final salary pension value calculator	20	0	0	informational
final salary pension transfer fees	20	6.26	15	informational
final salary pension tax	20	0	0	informational
final salary pension scheme closure compensation	20	7.25	2	informational
final salary pension early retirement calculator	20	2.43	20	informational
final salary pension companies	20	0	0	informational
final salary pension cetv calculator	20	2.02	0	informational
final salary pension calculator uk gov	20	1.31	17	informational
final salary pension calculator early retirement	20	2.43	32	informational
final salary pension buy out	20	2.4	0	informational
final salary pension advice uk	20	18.07	0	informational
do police get final salary pension	20	0	0	informational
difference between final salary pension and defined contribution	20	0	0	informational
defined contribution pension vs final salary	20	0	54	informational
defined benefit pension plan formula	20	0	0	informational
defined benefit final salary pension	20	4.66	0	informational
deferred final salary pension	20	3.06	13	informational
cash value of final salary pension	20	0	0	informational
can you transfer final salary pension	20	6.03	0	informational
can you transfer a final salary pension	20	6.03	0	informational
can you cash in a final salary pension	20	3.54	0	informational
can i transfer my final salary pension	20	6.31	0	informational
can i transfer a defined benefit pension to a sipp	20	8.1	0	informational
bt final salary pension scheme	20	0	39	informational
bt final salary pension	20	0	39	informational
boots final salary pension	20	0	0	informational
barclays final salary pension scheme	20	0	40	informational
barclays final salary pension	20	0	0	informational
barclays bank final salary pension scheme	20	0	0	informational
aviva final salary pension scheme	20	0	0	informational
final salary pension inheritance	10	0	0	informational
defined benefit pension inheritance	10	0	0	informational
defined benefit pension and inheritance tax	10	0	0	informational
