pension scheme nhs	40500	5.49	24	navigational
pension nhs	40500	5.49	22	navigational
nhs uk pension	40500	5.49	35	navigational
nhs pension schemes	40500	5.49	24	navigational
nhs pension scheme	40500	5.49	24	navigational
nhs pension provider	40500	5.49	30	navigational
nhs pension	40500	5.49	27	navigational
nhs england pension scheme	40500	5.49	0	navigational
pension changes nhs	27100	0	3	navigational
nhs pension scheme changes	27100	0	0	navigational
nhs pension changes	27100	0	3	informational
changes to nhs pension scheme	27100	0	0	navigational
nhs pension login	18100	0	33	navigational
nhs pension log in	18100	0	12	navigational
pension nhs contribution	12100	0	8	informational
pension contributions nhs	12100	0	13	informational
pension contribution nhs	12100	0	9	informational
nhs pension scheme contributions	12100	0	17	informational
nhs pension contributions	12100	0	13	informational
nhs pension contribution	12100	0	10	informational
nhs my pension	12100	5.36	23	navigational
my pension nhs	12100	5.36	23	navigational
my nhs pension	12100	5.36	27	navigational
pension nhs calculator	8100	2.58	2	navigational
pension calculator nhs	8100	2.58	3	navigational
nhs superannuation pension calculator	8100	2.58	0	navigational
nhs pension scheme calculator	8100	2.58	1	navigational
nhs pension fund calculator	8100	2.58	2	navigational
nhs pension calculator	8100	2.58	2	navigational
nhs pension calculation	8100	2.58	2	informational
nhs calculator pension	8100	2.58	2	navigational
estimate nhs pension	8100	2.58	6	navigational
calculating nhs pension	8100	2.58	2	informational
calculate nhs pension	8100	2.58	2	informational
nhs pension telephone number	3600	0	1	navigational
nhs pension scheme contact number	3600	0	14	informational
nhs pension phone number	3600	0	1	navigational
nhs pension contact numbers	3600	0	13	informational
nhs pension contact number	3600	0	14	informational
nhs pension contact address	3600	0	2	navigational
my nhs pension login	3600	0	2	navigational
pension opt out nhs	2400	0	0	navigational
pension nhs opt out	2400	0	0	navigational
pension nhs contact	2400	4.24	14	navigational
opting out of pension nhs	2400	0	0	navigational
opting out of nhs pension	2400	0	0	informational
opting out nhs pension	2400	0	0	informational
opt out pension nhs	2400	0	0	navigational
opt out of pension nhs	2400	0	0	navigational
opt out of nhs pension scheme	2400	0	0	informational
opt out of nhs pension	2400	0	0	informational
opt out nhs pension	2400	0	0	informational
nhs pension scotland	2400	4.27	2	navigational
nhs pension scheme scotland	2400	4.27	7	navigational
nhs pension scheme contact	2400	4.24	14	navigational
nhs pension opt out	2400	0	0	navigational
nhs pension increase 2025	2400	0	0	informational
nhs pension contact	2400	4.24	13	navigational
nhs opt out pension	2400	0	0	navigational
how much nhs pension will i get after 20 years	2400	0	6	informational
contact nhs pension scheme	2400	4.24	14	navigational
pension opt out form nhs	1900	0	0	navigational
pension nhs opt out form	1900	0	0	navigational
opting out of nhs pension form	1900	0	0	informational
opt out pension form nhs	1900	0	0	navigational
opt out of nhs pension scheme form	1900	0	0	informational
opt out of nhs pension form	1900	0	0	informational
opt out nhs pension form	1900	0	0	informational
opt out form nhs pension	1900	0	0	navigational
nhs pension scheme opt out form	1900	0	0	navigational
nhs pension opt out form	1900	0	0	navigational
nhs pension forms opt out	1900	0	0	navigational
nhs pension form opt out	1900	0	0	informational
nhs opt out pension form	1900	0	0	informational
nhs opt out of pension form	1900	0	0	informational
nhs opt out form pension	1900	0	0	navigational
pension online nhs	1600	0	27	navigational
nhs pension website	1600	0	32	navigational
nhs pension scheme online	1600	0	33	navigational
nhs pension scheme employer contributions	1600	0	0	informational
nhs pension scheme 2015	1600	0	0	informational
nhs pension portal	1600	0	21	navigational
nhs pension online	1600	0	23	navigational
nhs pension employer contributions	1600	0	0	informational
nhs pension employer contribution	1600	0	0	informational
nhs pension contributions employer	1600	0	0	informational
nhs pension contribution rates	1600	0	4	informational
nhs pension 2015	1600	0	3	informational
nhs employee pension contributions	1600	0	17	informational
nhs 2015 pension scheme	1600	0	3	informational
nhs 2015 pension	1600	0	3	informational
employer contribution nhs pension	1600	0	1	informational
average nhs pension per month	1600	0	7	informational
2015 pension scheme nhs	1600	0	11	navigational
2015 nhs pension scheme	1600	0	3	informational
2015 nhs pension	1600	0	12	informational
nhs pension rise 2025 when will it be paid	1300	0	0	informational
pension calculator nhs 2015	1000	2.42	0	informational
nhs pension scheme 2015 calculator	1000	2.42	2	informational
nhs pension calculator 2015 scheme	1000	2.42	2	informational
nhs pension calculator 2015	1000	2.42	0	informational
nhs pension 2015 calculator	1000	2.42	0	informational
nhs 2015 pension scheme calculator	1000	2.42	0	informational
nhs 2015 pension calculator	1000	2.42	3	informational
my nhs pension portal	1000	0	3	navigational
my nhs pension online login register	1000	1.44	7	navigational
how does the nhs pension work	1000	0	7	informational
how does the nhs pension scheme work	1000	0	7	informational
how does nhs pension work	1000	0	7	informational
how does nhs pension scheme work	1000	0	7	informational
2015 nhs pension scheme calculator	1000	2.42	0	informational
2015 nhs pension calculator	1000	2.42	0	informational
pension rates nhs	880	0	8	navigational
pension nhs scotland	880	6.62	3	navigational
nhs scotland pension scheme	880	6.62	10	navigational
nhs scotland pension	880	6.62	16	navigational
nhs pension scheme percentage	880	0	13	informational
nhs pension rates	880	0	8	navigational
nhs pension percentage	880	0	11	informational
nhs pension amount	880	0	12	navigational
refund nhs pension form	720	0	0	navigational
pension refund form nhs	720	0	0	navigational
nhs refund pension form	720	0	0	informational
nhs pension total rewards statement	720	0	0	informational
nhs pension total reward statement	720	0	0	informational
nhs pension scheme helpline	720	11.16	14	navigational
nhs pension rise 2025 latest news today	720	0	0	navigational
nhs pension refund form	720	0	0	navigational
nhs pension is it good	720	0	9	navigational
nhs pension increase 2025/26	720	0	0	commercial
nhs pension how much	720	0	16	informational
nhs pension helpline	720	11.16	14	navigational
nhs pension help	720	11.16	14	navigational
nhs pension explained	720	0	13	informational
nhs employers pension contribution	720	0	0	informational
nhs employer pension contributions	720	0	3	informational
is the nhs pension scheme good	720	0	12	navigational
is the nhs pension good	720	0	9	informational
is nhs pension good	720	0	9	informational
how much nhs pension	720	0	17	informational
how much is the nhs pension	720	0	17	navigational
how much is nhs pension	720	0	17	navigational
how much does nhs contribute to pension	720	0	12	informational
how much do nhs contribute to pension	720	0	12	informational
what is the nhs pension scheme	590	0	20	informational
what is the nhs pension	590	0	20	informational
what is nhs pension scheme	590	0	20	informational
what is nhs pension	590	0	14	informational
refund nhs pension	590	0	0	navigational
pension statement nhs	590	0	7	navigational
pension refund nhs	590	0	0	navigational
pension forecast nhs	590	0	19	navigational
pension calculator nhs 1995	590	0	0	informational
nhs refund pension	590	0	0	navigational
nhs pension statement	590	0	1	informational
nhs pension scheme statement	590	0	7	informational
nhs pension scheme contributions calculator	590	0	12	informational
nhs pension scheme 1995 calculator	590	0	4	informational
nhs pension scheme 1995	590	0	3	informational
nhs pension refund	590	0	0	navigational
nhs pension prediction	590	0	15	navigational
nhs pension forecast	590	0	15	informational
nhs pension contributions calculator	590	0	15	informational
nhs pension contribution calculator	590	0	15	informational
nhs pension calculator 2015 examples	590	0	12	informational
nhs pension calculator 1995 scheme	590	0	3	informational
nhs pension calculator 1995	590	0	3	informational
nhs pension bands	590	0	12	navigational
nhs pension age	590	0	5	informational
nhs pension 1995 scheme	590	0	3	informational
nhs pension 1995 calculator	590	0	2	informational
nhs 1995 pension scheme calculator	590	0	3	informational
nhs 1995 pension scheme	590	0	6	informational
nhs 1995 pension calculator	590	0	3	informational
how to opt out of nhs pension	590	0	0	informational
how do i opt out of nhs pension	590	0	0	informational
1995 pension scheme nhs	590	0	6	informational
1995 nhs pension scheme calculator	590	0	3	informational
1995 nhs pension scheme	590	0	11	informational
1995 nhs pension calculator	590	0	2	informational
pension advice nhs	480	7.82	3	navigational
nhs scotland pension contributions	480	0	7	informational
nhs scotland pension contribution	480	0	0	informational
nhs pension scheme advice	480	7.82	3	navigational
nhs pension scheme address	480	0	22	navigational
nhs pension increase 2025/26 gov uk	480	0	0	commercial
nhs pension increase 2025 26 gov uk	480	0	0	commercial
nhs pension early retirement	480	1.34	5	navigational
nhs pension contributions 2025	480	0	0	informational
nhs pension advice	480	7.82	3	navigational
nhs pension address	480	0	22	navigational
how to find my nhs pension	480	0.86	3	informational
how to check my nhs pension	480	0.51	21	navigational
how much nhs pension will i get after 10 years	480	0	12	informational
how do i find my nhs pension	480	0.86	15	navigational
how do i check my nhs pension	480	0.51	13	navigational
how can i check my nhs pension	480	0.51	13	informational
early retirement nhs pension scheme	480	1.34	6	navigational
early retirement nhs pension	480	1.34	6	navigational
average nhs pension per month calculator	480	1.46	10	informational
nhs pension final salary	210	0	0	informational
nhs final salary pension scheme	210	0	6	informational
nhs final salary pension	210	0	7	informational
final salary pension nhs	210	0	7	navigational
nhs pension final salary calculation	140	0	2	informational
nhs final salary pension calculator	140	0	7	informational
final salary pension calculator nhs	140	0	0	navigational
transfer nhs pension	110	0	0	navigational
nhs pension transfer	110	0	0	navigational
is nhs pension final salary	90	0	5	informational
can i transfer my nhs pension to a private pension	90	0	0	informational
nhs pension tax relief	70	0	2	navigational
nhs pension hypothetical annuity cost	70	0	0	informational
nhs pension drawdown	70	3.49	6	navigational
hypothetical annuity cost nhs pension	70	0	0	informational
nhs pension break in service	50	0	3	navigational
nhs 1995 pension final salary calculator	50	0	3	informational
sipp vs nhs pension	40	0	19	informational
nhs pension vs sipp	40	0	19	informational
nhs pension scheme auto enrolment	40	0	0	navigational
nhs pension auto enrolment	40	0	42	navigational
hypothetical annuity cost nhs pension meaning	40	0	0	informational
can i transfer my nhs pension to a sipp	40	16.45	0	commercial
transfer nhs pension to sipp	30	22.39	0	commercial
what is hypothetical annuity cost nhs pension	20	0	0	informational
sipp and nhs pension	20	1.44	43	navigational
nhs pension inheritance tax	20	0	0	informational
nhs pension annuity	20	7.66	0	navigational
nhs pension and sipp	20	1.49	0	navigational
nhs final salary pension 1995	20	0	4	informational
nhs 1995 pension final salary	20	0	0	informational
is nhs pension salary sacrifice or auto enrolment	20	0	0	informational
is nhs pension auto-enrolment	20	0	0	informational
is nhs pension auto enrolment or employer	20	0	0	informational
is nhs pension auto enrolment	20	0	0	informational
is nhs pension a final salary scheme	20	0	0	informational
is nhs final salary pension	20	0	0	informational
nhs stakeholder pension	10	0	0	informational
nhs pension or private pension	10	0	1	informational
