average uk pension pot	4400	2.31	1	informational
average pension pot uk	4400	2.31	1	informational
average pension pot in uk	4400	2.31	1	informational
average pension pot in the uk	4400	2.31	1	informational
pension pot estimator	3600	1.54	25	informational
pension pot calculator	3600	1.54	25	navigational
pension pot income	2900	1.47	25	informational
income from pension pot	2900	1.47	26	informational
average pension pot by age uk	1600	2.2	0	informational
average nhs pension per month	1600	0	7	informational
what is the average pension pot in the uk	1300	2.39	1	informational
what is average uk pension pot	1300	2.39	0	informational
small pot pension rules	1300	2.96	0	informational
pension small pot rules	1300	2.96	0	informational
pension pot	1300	5.21	22	commercial
what is a good pension pot	880	2.33	16	informational
uk average pension pot by age	880	2.21	0	informational
average uk pension pot by age	880	2.21	0	informational
average pension pot uk by age	880	2.21	0	informational
average pension contributions uk	880	2.15	6	informational
uk pension pot calculator	720	1.52	32	navigational
pension pot calculator uk	720	1.52	32	navigational
how much pension pot do i need	720	1.75	16	informational
how much do i need in my pension pot	720	1.51	28	commercial
average uk pension pot at 65	720	1.52	2	informational
average pension pot at 65 uk	720	1.52	3	informational
pension pot of 500k	590	2.65	0	commercial
pension pot of 200k	590	2.13	6	commercial
pension pot of 100k	590	3.02	0	informational
pension pot drawdown	590	3.61	19	informational
pension pot 500k	590	2.65	0	commercial
pension pot £200k	590	2.13	4	commercial
pension pot 200k	590	2.13	4	commercial
pension pot 100k	590	3.02	0	commercial
drawdown pension pot	590	3.61	14	informational
500k pension pot	590	2.65	0	commercial
200k pension pot	590	2.13	4	commercial
100k pension pot	590	3.02	0	commercial
uk average pension pot at retirement	480	3.4	9	informational
small pot pension	480	1.38	0	commercial
pension pot of 300k	480	2.14	1	commercial
pension pot by age	480	2.12	15	informational
pension pot annuity calculator	480	3.17	10	navigational
pension pot £300k	480	2.14	0	commercial
pension pot 300k	480	2.14	0	commercial
average uk pension pot at retirement	480	3.4	0	informational
average uk pension pot at 60	480	0.51	3	informational
average retirement pension pot uk	480	3.4	4	informational
average pension pot at retirement uk	480	3.4	1	informational
average nhs pension per month calculator	480	1.46	10	informational
500000 pension pot	480	2.06	0	commercial
500 000 pension pot	480	2.06	2	commercial
300k pension pot	480	2.14	0	commercial
what is a pension pot	390	4.06	22	informational
pension pot of 400k	390	1.9	1	commercial
pension pot of 250k	390	2.81	0	commercial
pension pot maximum	390	0.44	15	informational
pension pot £400k	390	1.9	2	commercial
pension pot 400k	390	1.9	1	commercial
pension pot 250k	390	2.81	0	commercial
maximum pension pot	390	0.44	14	commercial
max pension pot	390	0.44	33	commercial
income from 500k pension pot	390	2.1	0	commercial
how much is a good pension pot	390	2.26	16	commercial
average pension pot	390	2.34	1	informational
400k pension pot	390	1.9	1	commercial
300000 pension pot	390	2.16	2	commercial
200000 pension pot	390	2.66	2	commercial
200 000 pension pot	390	2.66	1	commercial
100000 pension pot	390	2.4	1	commercial
100 000 pension pot	390	2.4	2	commercial
pension pot of 150k	320	2.48	5	commercial
pension pot of 1 million	320	2.17	0	informational
pension pot 150k	320	2.48	5	commercial
pension pot 1 million	320	2.17	0	commercial
how to check my pension pot	320	3.01	23	informational
how do i check my pension pot	320	3.01	23	informational
average uk pension pot at 55	320	1.74	0	informational
average teachers pension after 30 years	320	0	0	informational
400000 pension pot	320	2.2	7	commercial
400 000 pension pot	320	2.2	3	commercial
250000 pension pot	320	2.56	0	commercial
150k pension pot	320	2.48	5	transactional
150000 pension pot	320	2.41	13	transactional
150 000 pension pot	320	2.41	13	commercial
1 million pension pot	320	2.17	0	commercial
what will a 200k pension pot provide uk	260	2.39	3	commercial
what is a good pension pot uk	260	3.04	13	informational
uk pension pot	260	7.12	27	navigational
pension pot uk	260	7.12	29	informational
pension pot of 600k	260	2.46	19	commercial
pension pot inheritance tax	260	2.57	11	informational
pension pot 600k	260	2.46	8	commercial
pension pot £600k	260	2.46	1	commercial
is 500k a good pension pot	260	3.13	0	commercial
inheritance tax pension pots	260	2.57	12	commercial
inheritance tax pension pot	260	2.57	12	commercial
inheritance tax on pension pots	260	2.57	11	commercial
inheritance tax on pension pot	260	2.57	12	commercial
inheritance tax and pension pots	260	2.57	11	commercial
how to find out my pension pot	260	2.5	21	informational
how much pension pot do you need	260	1.22	24	informational
how much do you need in a pension pot	260	1.22	25	informational
how do i find out my pension pot	260	2.5	17	commercial
how do i find my pension pot	260	2.5	24	informational
find my pension pot	260	3.12	29	navigational
600k pension pot	260	2.46	1	commercial
small pot pension rules tax	210	1	0	informational
pension pot 1m	210	2.09	0	informational
pension pot £1m	210	2.09	0	commercial
how to work out my pension pot	210	1.86	32	informational
how big a pension pot do i need	210	1.53	9	informational
average teachers pension uk	210	0	0	informational
average teachers pension	210	0	0	informational
average private pension pot uk	210	2.41	0	informational
50000 pension pot	210	2.22	14	commercial
what pension pot do i need	170	3.04	13	informational
what is a good pension pot at 60	170	1.69	0	informational
pension pot size	170	1.1	2	informational
pension pot growth calculator	170	1.31	25	informational
pension pot at 55	170	1.43	10	commercial
pension pot at 40	170	1.27	0	commercial
is 500 000 a good pension pot	170	2.16	0	commercial
is £300k a good pension pot	170	3.28	0	commercial
is 300k a good pension pot	170	3.28	0	commercial
how much do you need in your pension pot	170	1.32	17	commercial
average size pension pot uk	170	0.95	1	informational
average size of uk pension pot	170	0.95	1	informational
average pension pot size uk	170	0.95	0	informational
average pension pot at 55 uk	170	4.93	0	informational
average pension pot at 50 uk	170	1.3	1	informational
500k pension pot at 60	170	2.16	0	commercial
350 000 pension pot	170	2.88	10	commercial
what is a good pension pot at 55	140	1.32	2	commercial
pension pot tax	140	10.83	4	informational
pension pot of 50k	140	1.99	14	commercial
pension pot of 350k	140	2.17	10	commercial
pension pot consolidation	140	11.49	4	informational
pension pot cash in	140	2.34	12	informational
pension pot 50k	140	1.99	0	commercial
maximum pension pot uk	140	0.79	17	commercial
max pension pot uk	140	0.79	15	commercial
is 400k a good pension pot	140	2.67	5	commercial
how much should your pension pot be	140	1.48	8	informational
cashing pension pot	140	2.34	20	informational
cashing in pension pot	140	2.34	18	informational
cashing in a pension pot	140	2.34	12	informational
cash pension pot	140	2.34	20	navigational
cash in pension pot	140	2.34	18	informational
cash from pension pot	140	2.34	15	informational
average pension pot by age	140	1.85	2	informational
50k pension pot	140	1.99	6	commercial
350k pension pot	140	2.17	10	commercial
100 000 pension pot calculator	140	1.52	25	commercial
what will a 300k pension pot provide uk	110	5.06	0	informational
what does a 500k pension pot give you	110	2.91	0	informational
teachers pension final salary or career average	110	0	0	informational
recommended pension pot by age	110	4.21	4	informational
pension pot size by age	110	1.63	4	informational
pension pot required to retire at 60	110	4.19	12	commercial
pension pot needed to retire at 60	110	4.19	2	commercial
pension pot at 50	110	1.23	0	commercial
is 300 000 a good pension pot	110	1.92	0	commercial
is £200k a good pension pot	110	2.77	3	transactional
is £200 000 a good pension pot	110	2.11	0	commercial
good pension pot at 40	110	3.52	0	commercial
check my pension pot	110	2.88	21	commercial
average pension pot at retirement	110	2.41	9	informational
average pension pot at 60 uk	110	1.72	1	informational
average pension by age uk	110	0	2	informational
800000 pension pot	110	3.02	7	commercial
80000 pension pot	110	2.09	16	transactional
600000 pension pot	110	2.08	1	commercial
60000 pension pot	110	3.24	14	transactional
300k pension pot at 60	110	2.44	10	commercial
30000 pension pot	110	4.69	21	transactional
250 000 pension pot uk	110	2.36	0	transactional
20000 pension pot	110	2.29	13	commercial
1 million pension pot at 55	110	1.45	0	commercial
what will a 40k pension pot provide	90	1.75	8	informational
what happens to pension pot when you die	90	0	0	informational
teachers pension career average	90	0	0	informational
should i transfer my pension into one pot	90	5.09	0	informational
pension pot projection	90	1.73	26	commercial
pension pot options	90	2.88	15	informational
pension pot income calculator	90	1.42	26	informational
options for pension pot	90	2.88	22	commercial
nest pension pot	90	0	6	commercial
my pension pot	90	5.34	26	commercial
million pound pension pot	90	3.33	0	commercial
median pension pot by age uk	90	0	1	informational
lost pension pot	90	2.73	27	commercial
is 250k a good pension pot	90	3.32	0	commercial
is 250 000 a good pension pot	90	2.5	0	commercial
is £100 000 a good pension pot	90	1.8	0	commercial
is 100 000 a good pension pot	90	1.8	0	commercial
income from pension pot calculator	90	1.42	23	informational
how to check your pension pot	90	4.84	11	informational
how much will a pension pot of 250k pay	90	1.78	0	informational
how much is a good pension pot uk	90	3.24	13	transactional
good pension pot at 50	90	3.11	0	commercial
career average pension vs final salary	90	1.7	0	informational
average pension pot at 50	90	0	1	informational
average pension pot at 40 uk	90	0	0	informational
average civil service pension	90	0	0	informational
800k pension pot uk	90	2.6	9	transactional
700k pension pot	90	2.81	8	commercial
500k pension pot at 55	90	2.74	4	commercial
500 000 pension pot calculator	90	1.32	25	commercial
400k pension pot uk	90	1.73	1	transactional
300k pension pot uk	90	1.6	0	transactional
10000 pension pot	90	1.98	2	commercial
1.5 million pension pot	90	2.26	5	commercial
1 million pension pot at 60	90	3.3	0	commercial
uk pension pot by age	70	1.3	10	informational
pension pot by age uk	70	0	4	informational
pension pot and inheritance tax	70	2.39	11	informational
nhs pension hypothetical annuity cost	70	0	0	informational
hypothetical annuity cost nhs pension	70	0	0	informational
average pension savings by age uk	70	0	2	informational
200k pension pot annuity	70	2.53	6	commercial
100 000 pension pot annuity	70	3.24	0	commercial
pension pot drawdown calculator	50	1.06	6	informational
pension pot inheritance	40	0.08	9	informational
inheritance of pension pots	40	0.08	12	commercial
hypothetical annuity cost nhs pension meaning	40	0	0	informational
average pension size by age uk	40	0	0	informational
career average pension vs final salary calculator	30	0	0	informational
50k pension pot annuity	30	1.95	0	commercial
500k pension pot annuity	30	1.46	0	commercial
100k pension pot annuity	30	2.18	0	commercial
what is hypothetical annuity cost nhs pension	20	0	0	informational
small pension pots loophole uk	20	0	0	transactional
hypothetical annuity cost pension	20	0	0	informational
hypothetical annuity cost meaning pension	20	0	0	informational
final salary vs career average pension	20	0	0	informational
are pension pots subject to inheritance tax	20	0	0	informational
400k pension pot annuity	20	1.4	0	commercial
300k pension pot annuity	20	0	0	commercial
250k pension pot annuity	20	1.46	0	commercial
inheritance tax raid on pension pots	10	0	0	commercial
how to avoid inheritance tax on pension pots	10	1.21	0	informational
check state pension pot	10	0	21	informational
