pension inheritance tax	8100	2.29	17	informational
pension and inheritance tax	8100	2.29	12	informational
inheritance tax on pension	8100	2.29	17	informational
uk pension inheritance tax reform	2900	4.32	1	informational
labour inheritance tax pension	1300	0	10	informational
pension inheritance tax changes	1000	1.7	5	informational
inheritance tax pension changes	1000	0	1	informational
pension inheritance	590	1.04	11	informational
inheritance pension	590	1.04	3	informational
state pension inheritance	480	0	3	informational
sipp pension inheritance tax	390	4.14	0	commercial
uk pension inheritance tax changes	320	0	0	informational
teachers pension death benefits	320	0	0	informational
inheritance tax pension reforms	320	0	1	informational
inheritance tax pension reform	320	0	0	informational
pension pot inheritance tax	260	2.57	11	informational
inheritance tax pension pots	260	2.57	12	commercial
inheritance tax pension pot	260	2.57	12	commercial
inheritance tax on pension pots	260	2.57	11	commercial
inheritance tax on pension pot	260	2.57	12	commercial
inheritance tax and pension pots	260	2.57	11	commercial
annuity pension on death	260	2.89	0	informational
pension inheritance rules	210	3.41	7	informational
uk inheritance tax pension reform	170	0	2	informational
teachers pension death in service	170	0	0	navigational
pension funds and inheritance tax	170	2.1	11	informational
pension fund inheritance tax	170	2.1	11	informational
inheritance tax and pension funds	170	2.1	11	informational
death grant teachers pension	170	5.04	0	commercial
is a drawdown pension subject to inheritance tax	140	0.04	12	informational
civil service pension death benefit	140	0	0	informational
sipp pension inheritance	110	1.68	0	commercial
how much is a civil service widows pension	90	0	0	commercial
civil service pension death benefit lump sum	90	0	0	informational
pension pot and inheritance tax	70	2.39	11	informational
civil service widows pension scheme refund calculator	70	0	0	navigational
civil service widows pension	70	0	0	navigational
uk pension inheritance tax	50	4.11	21	informational
state pension inheritance boost gov uk	50	0	26	informational
private pension inheritance tax	50	0	11	informational
pension inheritance tax avoidance	50	0	0	informational
civil service pension death benefit nomination	50	0	0	informational
ssas pension inheritance tax	40	0	0	informational
pension pot inheritance	40	0.08	9	informational
pension inheritance tax uk	40	3.18	12	informational
pension inheritance tax planning	40	0	2	informational
inheritance tax pension rules	40	0	17	informational
inheritance of pension pots	40	0.08	12	commercial
sipp pension rules on death	30	0.08	0	informational
private pension inheritance	30	0	5	informational
pension inheritance tax rules	30	0	12	informational
is pension subject to inheritance tax	30	0	0	informational
inheritance tax pension raid	30	0	0	informational
inheritance tax and pension changes	30	1.05	0	informational
hmrc pension inheritance tax changes	30	4.16	0	informational
defined contribution pension inheritance tax	30	0	0	informational
defined benefit pension inheritance tax	30	0	0	informational
changes to pension inheritance tax	30	0	5	informational
what happens to final salary pension on death	20	0	44	informational
rachel reeves pension inheritance tax	20	0	0	informational
pension inheritance tax spouse	20	0	0	informational
pension inheritance tax changes uk 2027	20	0	0	informational
pension inheritance tax changes 2027	20	0	0	commercial
nhs pension inheritance tax	20	0	0	informational
labour pension inheritance tax	20	0	0	informational
is my pension subject to inheritance tax	20	0	0	informational
is a private pension included in inheritance tax	20	0.8	0	informational
inheritance tax pension lump sum	20	0.77	0	informational
inheritance tax pension changes april 2027	20	0	0	informational
inheritance pension uk	20	0	0	informational
inheritance on pension	20	0	2	informational
drawdown pension inheritance tax	20	0	0	informational
does inheritance affect pension credit	20	0	0	informational
are pension pots subject to inheritance tax	20	0	0	informational
are pension funds subject to inheritance tax	20	0	0	informational
will inheritance affect my state pension	10	0	0	informational
widows pension sligo	10	0	0	navigational
widow's contributory pension ireland	10	0	0	informational
what is inheritance pension tax	10	0	0	informational
using pension to avoid inheritance tax	10	0	0	informational
uk pension tax inheritance reform	10	0	1	informational
uk pension inheritance tax reform latest news	10	0	0	informational
uk pension inheritance tax proposals	10	0	0	informational
uk pension inheritance tax law changes	10	0	0	informational
uk inheritance tax pension changes	10	0	0	informational
uk budget pension inheritance tax	10	0	0	informational
state pension inheritance rules uk	10	0	11	informational
state pension inheritance calculator	10	0	0	informational
protect pension from inheritance tax	10	2.61	0	informational
personal pension inheritance tax	10	0.44	0	informational
pension trust inheritance tax	10	0	0	informational
pension inheritance uk	10	0	0	informational
pension inheritance tax rules uk	10	0	0	informational
pension inheritance tax over 75	10	0	0	commercial
pension inheritance tax loophole	10	0	0	commercial
pension inheritance tax changes gov uk	10	0	0	informational
pension inheritance tax calculator	10	0	0	informational
pension inheritance tax budget	10	0	2	informational
pension inheritance questions	10	0	34	informational
pension expression of wish inheritance tax	10	0	0	informational
pension drawdown and inheritance tax	10	2.19	0	informational
pension death benefits and inheritance tax	10	0	45	informational
pension credit and inheritance	10	0	0	informational
pension avoid inheritance tax	10	1.41	0	informational
new pension rules inheritance tax	10	0	0	informational
is pension inheritance taxable	10	0	0	informational
is inheritance tax payable on pension funds	10	0	0	informational
inherited pension inheritance tax	10	0	0	informational
inheritance tax raid on pension pots	10	0	0	commercial
inheritance tax private pension	10	0	11	informational
inheritance tax pension uk budget	10	0	0	informational
inheritance tax pension inclusion	10	0	0	informational
inheritance tax pension implications	10	0	0	informational
inheritance tax pension impact	10	0	0	commercial
inheritance tax pension drawdown gifting strategies	10	16.5	0	commercial
inheritance tax pension assets	10	0	0	informational
inheritance tax on pension savings	10	0	0	informational
inheritance tax on pension death benefits	10	0	0	informational
inheritance of pension fund	10	0	34	informational
inheritance boost state pension	10	0	0	informational
inheritance and pension	10	0	0	informational
how to use your pension to avoid inheritance tax	10	0	0	informational
how to avoid pension inheritance tax	10	5.63	1	informational
how to avoid inheritance tax on pension pots	10	1.21	0	informational
how to avoid inheritance tax on pension	10	1.7	1	informational
how much is inheritance tax on pension	10	0	0	informational
how does an inheritance affect my disability pension australia	10	0	0	informational
hmrc pension inheritance tax	10	0	11	informational
hmrc inheritance tax pension warning	10	0	0	informational
hmrc inheritance tax pension changes	10	0	0	informational
guarantee pension credit and inheritance	10	0	0	informational
final salary pension inheritance	10	0	0	informational
drawdown pension inheritance rules	10	1.99	0	informational
does inheritance tax include pension	10	0	0	informational
does inheritance affect state pension	10	0	0	informational
does an inheritance affect your pension	10	0	0	informational
do you pay inheritance tax on pension	10	0	13	informational
defined contribution pension inheritance	10	0	0	informational
defined contribution pension and inheritance tax	10	0	0	informational
defined benefit pension inheritance	10	0	0	informational
defined benefit pension and inheritance tax	10	0	0	informational
crystallised pension inheritance tax	10	0	40	informational
budget pension inheritance tax	10	0	9	informational
budget pension changes inheritance tax	10	0	0	informational
are pension funds exempt from inheritance tax	10	0	0	informational
pension credit informing of an inheritance	0	0	0	informational
how does an inheritance affect my disability pension	0	0	0	informational
aged pension receive inheritance	0	0	0	commercial
