pension scheme calculator	49500	1.59	32	navigational
pension pension calculator	49500	1.59	32	navigational
pension calculators	49500	1.59	41	commercial
pension calculator	49500	1.59	32	navigational
calculator pension	49500	1.59	41	navigational
calculator for pension	49500	1.59	41	navigational
uk state pension forecast	40500	3.67	35	informational
state pension forecast	40500	3.67	21	informational
pension forecast state	40500	3.67	21	informational
my state pension forecast	40500	3.67	27	informational
forecast state pension	40500	3.67	21	informational
forecast of state pension	40500	3.67	21	informational
forecast my state pension	40500	3.67	36	informational
forecast for state pension	40500	3.67	25	informational
uk state pension calculator	22200	1.71	48	informational
state pension in uk calculator	22200	1.71	47	informational
state pension calculator uk	22200	1.71	47	navigational
state pension calculator england	22200	1.71	48	informational
british state pension calculator	22200	1.71	48	informational
uk pension scheme calculator	18100	1.56	32	navigational
uk pension calculator	18100	1.56	32	navigational
pension uk calculator	18100	1.56	32	navigational
pension scheme uk calculator	18100	1.56	32	navigational
pension scheme calculator uk	18100	1.56	33	navigational
pension planning calculator uk	18100	1.56	39	navigational
pension plan uk calculator	18100	1.56	36	navigational
pension plan calculator uk	18100	1.56	36	navigational
pension credit calculator	18100	1.72	28	navigational
pension calculator uk	18100	1.56	32	navigational
pension calculator in uk	18100	1.56	32	navigational
credit pension calculator	18100	1.72	28	navigational
calculator for pension credit	18100	1.72	29	navigational
british pension calculator	18100	1.56	47	navigational
uk state pension age calculator	14800	1.11	35	informational
uk pension age calculator	14800	1.11	42	navigational
uk age pension calculator	14800	1.11	42	informational
state pension calculator age	14800	1.11	43	informational
state pension age calculator	14800	1.11	30	informational
state age pension calculator	14800	1.11	43	informational
calculator for state pension age	14800	1.11	43	informational
age calculator for state pension	14800	1.11	43	informational
pension calculator martin lewis	12100	2.63	34	navigational
martin lewis pension calculator	12100	2.63	34	informational
pension nhs calculator	8100	2.58	2	navigational
pension calculator nhs	8100	2.58	3	navigational
nhs superannuation pension calculator	8100	2.58	0	navigational
nhs pension scheme calculator	8100	2.58	1	navigational
nhs pension fund calculator	8100	2.58	2	navigational
nhs pension calculator	8100	2.58	2	navigational
nhs calculator pension	8100	2.58	2	navigational
estimate nhs pension	8100	2.58	6	navigational
state pension uk calculator	6600	2.26	47	informational
state pension calculator	6600	2.26	42	informational
pension state calculator	6600	2.26	49	navigational
pension income drawdown calculator	6600	2.38	8	informational
pension drawdown calculator	6600	2.38	7	navigational
pension calculator state	6600	2.26	47	navigational
pension calculator drawdown	6600	2.38	14	navigational
income drawdown pension calculator	6600	2.38	8	informational
drawdown pension calculator	6600	2.38	12	navigational
drawdown calculator pension	6600	2.38	7	navigational
calculator for state pension	6600	2.26	41	informational
basic state pension calculator	6600	2.26	42	informational
pension contributions calculator	5400	1.94	44	informational
pension contribution calculator	5400	1.94	25	informational
pension calculator contributions	5400	1.94	36	informational
pension calculator contribution	5400	1.94	33	informational
pension calculator annuity	5400	3.83	10	navigational
pension annuity calculator	5400	3.83	10	navigational
pension annuities calculator	5400	3.83	10	navigational
contribution pension calculator	5400	1.94	39	informational
calculator for pension contributions	5400	1.94	38	informational
annuity pension calculator	5400	3.83	10	navigational
salary sacrifice pension scheme calculator	4400	2.49	0	informational
salary sacrifice pension calculator	4400	2.49	0	informational
salary sacrifice calculator pension	4400	2.49	0	informational
salary exchange pension calculator	4400	2.49	0	informational
private pension calculator	4400	2.91	32	navigational
pension salary sacrifice calculator	4400	2.49	0	informational
pension salary exchange calculator	4400	2.49	0	navigational
pension calculator salary sacrifice	4400	2.49	0	informational
pension calculator private	4400	2.91	32	navigational
uk teachers pension calculator	3600	5.78	1	navigational
uk teacher pension calculator	3600	5.78	4	navigational
tps pension calculator	3600	5.78	0	navigational
teaching pension calculator	3600	5.78	0	navigational
teachers pension uk calculator	3600	5.78	4	navigational
teachers pension scheme calculator	3600	5.78	0	navigational
teachers pension estimate	3600	5.78	0	navigational
teachers pension calculators	3600	5.78	0	commercial
teachers pension calculator	3600	5.78	0	navigational
teacher pension uk calculator	3600	5.78	4	navigational
teacher pension scheme calculator	3600	5.78	0	navigational
teacher pension calculator	3600	5.78	0	navigational
pension pot calculator	3600	1.54	25	navigational
pension calculator for armed forces	3600	2.46	2	informational
armed forces pension scheme calculator	3600	2.46	1	navigational
armed forces pension calculator	3600	2.46	0	informational
taxable pension calculator	2900	1.51	29	informational
tax relief pension calculator	2900	2.05	22	navigational
tax relief on pension calculator	2900	2.05	17	informational
tax relief calculator pension	2900	2.05	17	navigational
tax pension calculator	2900	1.51	29	navigational
tax on pension calculator	2900	1.51	29	informational
tax calculator with pension	2900	1.51	29	informational
tax calculator pension	2900	1.51	24	informational
tax calculator on pension	2900	1.51	29	informational
tax calculator for pension	2900	1.51	29	informational
tax and pension calculator	2900	1.51	44	navigational
pension taxes calculator	2900	1.51	29	informational
pension tax relief calculator	2900	2.05	17	navigational
pension tax calculator hmrc	2900	1.58	28	informational
pension tax calculator	2900	1.51	29	informational
pension relief tax calculator	2900	2.05	17	informational
pension calculator tax relief	2900	2.05	17	navigational
pension calculator tax	2900	1.51	29	navigational
pension calculator aviva	2900	4.8	12	navigational
pension calculator age	2900	1.78	31	informational
pension and tax calculator	2900	1.51	45	informational
pension age calculator	2900	1.78	31	navigational
hmrc pension tax calculator	2900	1.58	28	informational
calculator for age pension	2900	1.78	31	informational
aviva pension calculator	2900	4.8	4	navigational
aged pension calculator	2900	1.78	31	navigational
age pension calculator	2900	1.78	31	informational
age pension age calculator	2900	1.78	31	informational
sipp pension calculator	2400	2.85	40	navigational
martin lewis pension drawdown calculator	2400	2.6	15	informational
www gov uk pension calculator	1900	1.89	63	navigational
pension calculator government	1900	1.89	52	navigational
pension calculator gov.uk	1900	1.89	48	navigational
pension calculator gov uk	1900	1.89	62	navigational
pension calculator gov	1900	1.89	52	navigational
pension calculator final salary	1900	2.18	26	informational
gov.uk pension calculator	1900	1.89	62	navigational
gov uk pension calculator	1900	1.89	62	navigational
final salary scheme pension calculator	1900	2.18	24	informational
final salary pension scheme calculator	1900	2.18	23	informational
final salary pension calculator	1900	2.18	32	informational
police pension scheme calculator	1600	2.11	0	navigational
police pension calculator	1600	2.11	0	informational
pension calculator police	1600	2.11	0	navigational
pension calculator nest	1600	2.62	0	navigational
pension calculator legal and general	1600	5.63	21	navigational
nest pension scheme calculator	1600	2.62	0	navigational
nest pension calculator	1600	2.62	0	navigational
legal general pension calculator	1600	5.63	25	navigational
legal and general pension calculator	1600	5.63	21	navigational
civil service pension calculator	1600	1.19	4	navigational
uk private pension calculator	1300	2.99	33	navigational
uk pension drawdown calculator	1300	2.41	10	informational
tax on pension lump sum calculator	1300	1.83	8	informational
tax calculator on pension lump sum	1300	1.83	7	informational
retirement with pension calculator	1300	2.23	43	informational
retirement pension plan calculator	1300	2.23	34	informational
retirement pension calculator	1300	2.23	32	navigational
retirement calculator with pension	1300	2.23	26	informational
retirement calculator pension	1300	2.23	34	navigational
retired pension calculator	1300	2.23	35	informational
private pension uk calculator	1300	2.99	34	navigational
private pension calculator uk	1300	2.99	34	navigational
pension tax calculator lump sum	1300	1.83	9	informational
pension plans calculator	1300	2.23	24	navigational
pension lump sum taxes calculator	1300	1.83	18	informational
pension lump sum tax calculator	1300	1.83	9	informational
pension growth calculator	1300	1.48	19	informational
pension government calculator	1300	2.63	52	navigational
pension forecast calculator	1300	1.64	25	navigational
pension drawdown calculator uk	1300	2.41	10	navigational
moneyhelper pension calculator	1300	7.89	39	navigational
lump sum pension tax calculator	1300	1.83	10	informational
government pension scheme calculator	1300	2.63	52	navigational
government pension plan calculator	1300	2.63	56	navigational
government pension calculator	1300	2.63	52	navigational
gov pension calculator	1300	2.63	52	navigational
drawdown pension calculator uk	1300	2.41	22	navigational
calculator for pension on retirement	1300	2.23	36	navigational
workplace pension scheme calculator	1000	2.28	16	navigational
workplace pension calculator	1000	2.28	26	navigational
working place pension calculator	1000	2.28	15	informational
which pension calculator	1000	2.65	31	informational
vanguard pension calculator	1000	2.45	18	navigational
uk state pension deferral calculator	1000	0.92	13	informational
tax calculator on pension withdrawal	1000	1.98	8	informational
tax calculator for pension withdrawal	1000	1.98	8	informational
state pension deferral calculator	1000	0.92	16	informational
pension withdrawal tax calculator	1000	1.98	8	informational
pension cash withdrawal tax calculator	1000	1.98	5	informational
pension calculator workplace	1000	2.28	25	navigational
pension calculator nhs 2015	1000	2.42	0	informational
pension calculator monthly	1000	1.75	23	navigational
pension calculator lgps	1000	1.29	21	navigational
nhs pension scheme 2015 calculator	1000	2.42	2	informational
nhs pension calculator 2015 scheme	1000	2.42	2	informational
nhs pension calculator 2015	1000	2.42	0	informational
nhs pension 2015 calculator	1000	2.42	0	informational
nhs 2015 pension scheme calculator	1000	2.42	0	informational
nhs 2015 pension calculator	1000	2.42	3	informational
monthly pension calculator	1000	1.75	32	navigational
lgps pension scheme calculator	1000	1.29	4	navigational
lgps pension calculator	1000	1.29	21	navigational
deferring state pension calculator	1000	0.92	1	informational
deferred state pension calculator	1000	0.92	14	informational
defer state pension calculator	1000	0.92	14	informational
2015 nhs pension scheme calculator	1000	2.42	0	informational
2015 nhs pension calculator	1000	2.42	0	informational
which pension drawdown calculator	880	2.59	6	informational
which drawdown pension calculator	880	2.59	23	informational
value of pension calculator	880	1.87	25	informational
pension valuation calculator	880	1.87	34	navigational
pension drawdown calculator which	880	2.59	11	informational
pension drawdown calculator gov	880	2.08	16	navigational
pension annuity calculator uk	880	3.1	8	navigational
government pension credit calculator	880	2.26	35	navigational
defined benefit pension calculator	880	2.06	20	informational
uk pension pot calculator	720	1.52	32	navigational
tax relief pension contributions calculator	720	2.03	12	informational
tax relief on pension contributions calculator	720	2.03	24	informational
pension pot calculator uk	720	1.52	32	navigational
pension contributions tax relief calculator	720	2.03	14	informational
pension contributions calculator tax relief	720	2.03	14	informational
pension contributions calculator hmrc	720	1.23	41	informational
pension contribution tax relief calculator	720	2.03	14	informational
pension contribution calculator tax relief	720	2.03	14	informational
pension calculator employer contributions	720	2	17	informational
hmrc pension contributions calculator	720	1.23	41	informational
employers pension contributions calculator	720	2	20	informational
employer pension contributions calculator	720	2	23	informational
company pension contributions calculator	720	2	25	informational
pension forecast nhs	590	0	19	navigational
pension calculator nhs 1995	590	0	0	informational
nhs pension scheme contributions calculator	590	0	12	informational
nhs pension scheme 1995 calculator	590	0	4	informational
nhs pension forecast	590	0	15	informational
nhs pension contributions calculator	590	0	15	informational
nhs pension contribution calculator	590	0	15	informational
nhs pension calculator 2015 examples	590	0	12	informational
nhs pension calculator 1995 scheme	590	0	3	informational
nhs pension calculator 1995	590	0	3	informational
nhs pension 1995 calculator	590	0	2	informational
nhs 1995 pension scheme calculator	590	0	3	informational
nhs 1995 pension calculator	590	0	3	informational
free pension drawdown calculator	590	2.2	12	navigational
1995 nhs pension scheme calculator	590	0	3	informational
1995 nhs pension calculator	590	0	2	informational
state pension age calculator uk	480	1.28	35	informational
royal london pension drawdown calculator	480	5.29	0	informational
pension tax relief calculator hmrc	480	5.66	20	navigational
pension pot annuity calculator	480	3.17	10	navigational
pension age calculator uk	480	1.28	43	navigational
average nhs pension per month calculator	480	1.46	10	informational
teachers pension calculator uk	320	2.31	0	navigational
tax on pension drawdown calculator	320	1.76	7	informational
pension tax relief calculator higher rate	320	1.7	11	informational
pension higher rate tax relief calculator	320	1.7	14	informational
pension drawdown tax calculator	320	1.76	10	informational
pension credit calculator age uk	320	2.04	35	navigational
higher rate pension tax relief calculator	320	1.7	16	informational
drawdown pension tax calculator	320	1.76	13	informational
age uk pension credit calculator	320	2.04	49	informational
pension wise annuity calculator	260	13.74	21	navigational
pension drawdown calculator aviva	260	2.71	3	informational
pension calculator age uk	260	1.92	36	navigational
pension age uk calculator	260	1.92	42	navigational
final salary pension calculator uk	260	2.12	32	informational
civil service pension calculator alpha	260	2.37	0	navigational
civil service pension alpha calculator	260	2.37	0	navigational
civil service alpha pension calculator	260	2.37	0	navigational
aviva pension drawdown calculator	260	2.71	3	navigational
aviva drawdown pension calculator	260	2.71	4	informational
age uk pension calculator	260	1.92	35	informational
salary sacrifice pension tax relief calculator	210	6.95	8	informational
workplace pension contributions calculator	170	4.88	25	informational
workplace pension contribution calculator	170	4.88	25	informational
teachers pension contributions calculator	170	2.29	0	informational
teachers pension calculator ni	170	0.97	0	navigational
pension pot growth calculator	170	1.31	25	informational
pension calculator civil service	170	0	0	navigational
pension calculator auto enrolment	170	1.81	22	navigational
pension auto enrolment calculator	170	1.81	23	navigational
ni teachers pension calculator	170	0.97	0	navigational
hl pension tax relief calculator	170	0	14	navigational
civil service pension scheme calculator	170	0	0	navigational
best pension annuity calculator	170	5.74	13	informational
auto-enrolment pension calculator	170	1.81	26	informational
auto enrolment pension calculator	170	1.81	25	navigational
transfer value pension calculator	140	3.52	6	navigational
teachers pension early retirement calculator	140	1.37	0	navigational
teachers pension calculator early retirement	140	1.37	0	navigational
pension transfer value calculator	140	3.52	6	navigational
pension annuity calculator gov	140	3.63	39	navigational
pension annuity calculator aviva	140	10.86	2	navigational
ni civil service pension calculator	140	0	5	navigational
nhs final salary pension calculator	140	0	7	informational
final salary pension calculator nhs	140	0	0	navigational
early retirement teachers pension calculator	140	1.37	0	navigational
best drawdown pension calculator	140	5.26	19	informational
aviva pension annuity calculator	140	10.86	2	navigational
100 000 pension pot calculator	140	1.52	25	commercial
uk pension tax relief calculator	110	3.19	40	navigational
transfer value of defined benefit pension calculator	110	3.59	1	informational
self-employed pension tax relief calculator	110	4.38	19	commercial
self employed pension tax relief calculator	110	4.38	19	informational
pension tax relief calculator uk	110	3.19	15	navigational
pension lump sum calculator final salary	110	2.15	6	informational
pension drawdown calculator excel	110	3.58	12	informational
mccloud pension calculator civil service	110	0	6	navigational
hargreaves lansdown pension tax relief calculator	110	0	45	commercial
frozen final salary pension calculator	110	1.67	5	informational
final salary pension transfer value calculator	110	4.23	0	informational
final salary pension lump sum calculator	110	2.15	6	informational
final salary pension calculator lump sum	110	2.15	9	informational
defined benefit pension transfer value calculator	110	3.59	1	informational
civil service pension ill-health retirement calculator	110	0	0	commercial
civil service pension ill health retirement calculator	110	0	0	commercial
workplace pension calculator uk	90	1.16	25	navigational
teachers pension remedy calculator	90	0	1	navigational
teachers pension ill health retirement calculator	90	1.77	0	commercial
pension pot income calculator	90	1.42	26	informational
pension calculator teachers	90	0	0	navigational
pension calculator for teachers	90	0	0	informational
income from pension pot calculator	90	1.42	23	informational
final salary pension calculator gov uk	90	0.83	17	informational
drawdown calculator including state pension	90	1.25	6	informational
civil service pension lump sum calculator	90	0	1	informational
500 000 pension pot calculator	90	1.32	25	commercial
workplace pension calculator gov uk	70	0.97	40	navigational
tax relief on pension contributions higher rate calculator	70	0	19	informational
pension tax relief calculator gov uk	70	0	42	navigational
pension contribution higher rate tax relief calculator	70	0	14	informational
legal and general pension annuity calculator	70	5.12	6	navigational
how much is a teachers pension per month uk calculator	70	0	0	informational
higher rate tax relief on pension contributions calculator	70	0	20	informational
gov uk pension age calculator	70	0	44	navigational
fidelity pension drawdown calculator	70	3.42	0	navigational
classic civil service pension calculator	70	0	0	navigational
civil service widows pension scheme refund calculator	70	0	0	navigational
civil service pension calculator classic	70	0	0	navigational
civil service classic pension calculator	70	0	0	navigational
best pension drawdown calculator uk	70	2.52	12	informational
what is a final salary pension calculator	50	2.76	19	informational
private pension tax relief calculator	50	1.64	17	navigational
pension pot drawdown calculator	50	1.06	6	informational
pension drawdown calculator telegraph	50	1.07	0	navigational
pension auto enrolment contributions calculator	50	0	20	informational
nhs 1995 pension final salary calculator	50	0	3	informational
flexible drawdown pension calculator	50	2.44	36	informational
deferred final salary pension calculator	50	0	31	informational
deferred civil service pension calculator	50	0	32	navigational
civil service pension forecast	50	0	0	informational
civil service pension contribution calculator	50	0	9	informational
civil service pension calculator gov uk	50	0	10	navigational
auto-enrolment pension contributions calculator	50	0	0	informational
auto enrolment pension contributions calculator	50	0	20	informational
auto enrolment pension contribution calculator	50	0	20	informational
uk state pension age change 2025 calculator	40	0	0	informational
sell my final salary pension calculator	40	2.26	0	informational
pension sipp calculator	40	2.95	40	navigational
pension annuity calculator uk gov	40	2.55	13	navigational
buy pension annuity calculator	40	2.69	0	navigational
sipp pension tax relief calculator	30	4.92	3	commercial
sipp pension calculator uk	30	1.92	0	navigational
pension annuity rates calculator	30	3.2	0	informational
free pension annuity calculator	30	3.55	0	navigational
final salary teachers pension calculator	30	2.92	0	informational
career average pension vs final salary calculator	30	0	0	informational
what pension annuity calculator	20	4.27	0	informational
sipp pension calculator gov uk	20	2.03	0	navigational
pension wise annuity calculator gov	20	3.99	0	navigational
pension calculator sipp	20	1.16	40	navigational
pension annuity calculator money saving expert	20	0	0	informational
free annuity calculator uk gov pension	20	1.48	0	navigational
final salary pension value calculator	20	0	0	informational
final salary pension early retirement calculator	20	2.43	20	informational
final salary pension cetv calculator	20	2.02	0	informational
final salary pension calculator uk gov	20	1.31	17	informational
final salary pension calculator early retirement	20	2.43	32	informational
state pension inheritance calculator	10	0	0	informational
pension inheritance tax calculator	10	0	0	informational
auto enrolment pension ireland calculator	10	0	0	commercial
