pension for civil servants	40500	5.15	18	commercial
civil services pension	40500	5.15	6	navigational
civil service pension	40500	5.15	6	navigational
civil servants pension scheme	40500	5.15	6	navigational
civil servants pension	40500	5.15	42	informational
civil servant pension	40500	5.15	42	informational
civil service pension portal	18100	2.31	0	navigational
my civil service pension	14800	4.42	6	navigational
civil service pension scheme	4400	5.33	12	navigational
civil service pension arrangements	4400	5.33	12	commercial
my civil service pension login	3600	0	3	navigational
civil service pension increase 2025	2900	0	0	informational
civil.service pension contributions	2400	0	0	informational
civil service pension contributions	2400	0	1	informational
civil service pension contribution	2400	0	5	informational
my civil service pension portal	1900	6.29	0	navigational
civil service pension scheme alpha	1600	2.77	0	navigational
civil service pension calculator	1600	1.19	4	navigational
civil service pension calculation	1600	1.19	4	informational
civil service pension alpha	1600	2.77	0	navigational
civil service alpha pension	1600	2.77	0	navigational
alpha pension scheme civil service	1600	2.77	0	navigational
alpha pension civil service	1600	2.77	0	navigational
alpha civil service pension	1600	2.77	0	navigational
civil service pension login	1300	0	0	navigational
civil service pension scheme contact number	1000	0	9	informational
civil service pension contact number	1000	0	9	informational
civil service pension scheme contact	880	0	2	navigational
civil service pension contact	880	0	13	informational
civil service pension portal login	720	0	0	navigational
civil service pension increase 2026	720	0	6	informational
northern ireland civil service pension	590	13.75	8	informational
ni civil service pension	590	13.75	14	informational
pension portal civil service	480	0	0	navigational
my civil service pension contact number	390	0	16	informational
civil service pension portal not working	390	0	0	informational
civil service pension phone number	390	0	7	informational
civil service pension employer contributions	390	0	0	informational
civil service employer pension contributions	390	0	0	informational
civil service pension website	320	0	18	navigational
civil service pension telephone number	320	0	6	informational
civil service pension scheme website	320	0	14	navigational
how much civil service pension will i get	260	0.97	4	informational
classic pension civil service	260	0	0	navigational
classic civil service pension	260	0	0	navigational
civil service pension scheme login	260	0	0	navigational
civil service pension scheme classic	260	0	0	navigational
civil service pension retirement age	260	0	2	informational
civil service pension portal app	260	0	1	navigational
civil service pension northern ireland	260	0	13	commercial
civil service pension ni	260	0	7	navigational
civil service pension how much will i get	260	0.97	5	commercial
civil service pension calculator alpha	260	2.37	0	navigational
civil service pension alpha contributions	260	0	0	informational
civil service pension alpha calculator	260	2.37	0	navigational
civil service pension address	260	0	6	navigational
civil service classic pension scheme	260	0	0	navigational
civil service classic pension	260	0	0	navigational
civil service alpha pension contributions	260	0	0	informational
civil service alpha pension calculator	260	2.37	0	navigational
can i take my classic civil service pension at 55	260	0	0	commercial
civil service pension scheme capita	210	9.94	0	navigational
civil service pension remedy	210	0	0	commercial
civil service pension reform	210	0	1	navigational
civil service pension modeller	210	0	4	commercial
civil service pension increases	210	0	0	informational
civil service pension increase 2024	210	0	0	informational
civil service pension increase	210	0	0	informational
civil service pension email address	210	0	12	navigational
civil service pension app	210	0	1	navigational
capita civil service pension	210	9.94	1	navigational
what is a civil service pension	170	0	13	informational
pension calculator civil service	170	0	0	navigational
ni civil service pension portal	170	0	12	navigational
is civil service pension good	170	0	1	informational
how does civil service pension work	170	0	1	informational
classic civil service pension lump sum	170	0	0	informational
civil service pension uk	170	0	8	navigational
civil service pension scheme uk	170	0	3	navigational
civil service pension scheme calculator	170	0	0	navigational
civil service pension increases last 10 years	170	0	0	informational
civil service pension increase 2025/26	170	0	0	commercial
civil service pension increase 2025 latest news	170	0	0	informational
civil service pension increase 2025 26	170	0	0	commercial
civil service pension contribution rates	170	0	0	informational
civil service pension complaints	170	0	0	navigational
civil service pension alliance	170	0	13	navigational
uk civil service pension	140	0	2	navigational
principal civil service pension scheme	140	8.26	5	informational
partnership pension civil service	140	0	0	navigational
ni civil service pension calculator	140	0	5	navigational
civil service pension rise 2026	140	0	1	informational
civil service pension rates	140	0	0	navigational
civil service pension percentage	140	0	0	informational
civil service pension number	140	0	10	informational
civil service pension lump sum	140	0	0	informational
civil service pension increase 2026 latest news today	140	0	4	informational
civil service pension increase 2025/26 latest news today	140	0	0	informational
civil service pension increase 2025-26 latest news today	140	0	0	commercial
civil service pension increase 2025 26 latest news today	140	0	1	informational
civil service pension death benefit	140	0	0	informational
civil service partnership pension	140	0	0	navigational
when is civil service pension lump sum paid	110	0	0	informational
transfer civil service pension	110	4.79	0	navigational
mccloud pension calculator civil service	110	0	6	navigational
how much is civil service pension	110	0	0	commercial
civil service pension transfer	110	4.79	0	navigational
civil service pension newsletter	110	0	0	navigational
civil service pension news	110	0	0	navigational
civil service pension mccloud	110	0	0	informational
civil service pension ill-health retirement calculator	110	0	0	commercial
civil service pension ill health retirement calculator	110	0	0	commercial
civil service pension age	110	0	0	informational
what is the civil service pension increase for 2025	90	0	0	informational
is the civil service pension good	90	0	0	informational
how to claim my civil service pension	90	0	7	informational
how much is a civil service widows pension	90	0	0	commercial
how much is a civil service pension worth	90	2.43	0	commercial
how do i claim my civil service pension	90	0	0	informational
civil service pension retirement modeller	90	0	0	commercial
civil service pension reddit	90	0	0	navigational
civil service pension lump sum calculator	90	0	1	informational
civil service pension increase 2026 latest news	90	0	6	informational
civil service pension explained	90	0	0	informational
civil service pension employee contributions	90	0	0	informational
civil service pension death benefit lump sum	90	0	0	informational
civil service pension contact number opening times	90	0	20	informational
civil service pension bereavement	90	0	0	commercial
civil service pension accrual rate	90	0	0	informational
civil service employee pension contributions	90	0	0	informational
civil service added pension	90	0	0	informational
can i take my civil service pension lump sum early	90	0	1	informational
average civil service pension	90	0	0	informational
added pension civil service	90	0	0	informational
what is the civil service pension	70	0	0	informational
what happens to my civil service pension when i die	70	0	0	informational
premium pension civil service	70	0	0	navigational
pension contributions civil service	70	0	1	informational
pension abatement civil service	70	0	0	navigational
is civil service pension salary sacrifice	70	0	5	informational
is civil service added pension worth it	70	0	1	informational
how to calculate civil service pension	70	0	0	informational
how much does civil service contribute to pension	70	0	0	informational
how much do civil service contribute to pension	70	0	0	informational
how is civil service pension calculated	70	0	0	informational
find my civil service pension	70	3.77	12	navigational
do you get civil service pension and state pension	70	0	9	informational
classic civil service pension calculator	70	0	0	navigational
claiming civil service pension	70	0	7	informational
claim civil service pension	70	0	7	informational
civil service widows pension scheme refund calculator	70	0	0	navigational
civil service widows pension	70	0	0	navigational
civil service premium pension	70	0	0	informational
civil service portal pension	70	0	0	navigational
civil service pension scheme problems	70	0	0	informational
civil service pension portal not working today	70	0	0	navigational
civil service pension partial retirement	70	0	0	informational
civil service pension increase 2025/26 gov uk	70	0	1	commercial
civil service pension increase 2025-26 gov uk	70	0	7	commercial
civil service pension increase 2025 26 gov uk	70	0	1	commercial
civil service pension increase 2024/25	70	0	0	informational
civil service pension increase 2024 25	70	0	0	informational
civil service pension increase 2023	70	0	0	informational
civil service pension final salary	70	0	0	informational
civil service pension change of address	70	0	0	informational
civil service pension calculator classic	70	0	0	navigational
civil service pension amount	70	0	0	informational
civil service pension abatement	70	0	0	informational
civil service final salary pension	70	0	2	informational
civil service defined benefit pension scheme	70	0	6	informational
civil service defined benefit pension	70	0	4	informational
civil service classic pension calculator	70	0	0	navigational
civil service alpha pension explained	70	0	0	commercial
can i claim my civil service pension and still work	70	0	7	informational
abatement civil service pension	70	0	0	informational
northern ireland civil service pension portal	50	0	34	navigational
members civil service pension scheme	50	0	46	navigational
how much is a civil service pension	50	0	24	informational
does civil service pension increase with inflation	50	0	4	informational
deferred civil service pension calculator	50	0	32	navigational
deferred civil service pension	50	0	0	informational
classic civil service pension scheme rules	50	0	0	navigational
civil service pension provider	50	0	0	navigational
civil service pension portal login register	50	0	0	navigational
civil service pension opt out	50	0	6	informational
civil service pension lump sum tax-free	50	0	0	informational
civil service pension lump sum tax free	50	0	0	informational
civil service pension liverpool	50	0	0	navigational
civil service pension increase 2026 latest news today gov uk	50	0	0	informational
civil service pension increase 2025/26 latest news today gov	50	0	0	informational
civil service pension increase 2025-26 latest news today gov	50	0	0	commercial
civil service pension increase 2025-26 latest news today bbc	50	0	8	commercial
civil service pension increase 2025 26 latest news today gov	50	0	3	informational
civil service pension increase 2025 26 latest news today bbc	50	0	12	informational
civil service pension ill health retirement	50	0	0	commercial
civil service pension fund	50	0	0	navigational
civil service pension forecast	50	0	0	informational
civil service pension early retirement	50	0	0	navigational
civil service pension death benefit nomination	50	0	0	informational
civil service pension contributions 2025	50	0	0	informational
civil service pension contribution calculator	50	0	9	informational
civil service pension claim form	50	0	8	informational
civil service pension calculator gov uk	50	0	10	navigational
civil service pension avc	50	0	0	navigational
civil service pension advice	50	6.59	44	navigational
civil service deferred pension	50	0	0	informational
is civil service pension final salary	30	0	0	informational
can i transfer my civil service pension to a sipp	20	9.17	0	commercial
